INSERT [dbo].[DocumentType] ([Id], [DocumentType]) VALUES (1, N'Word')
INSERT [dbo].[DocumentType] ([Id], [DocumentType]) VALUES (2, N'SharePoint')
INSERT [dbo].[DocumentType] ([Id], [DocumentType]) VALUES (3, N'OneDrive')
INSERT [dbo].[DocumentType] ([Id], [DocumentType]) VALUES (4, N'Cafr')

INSERT [dbo].[TaskStatus] ([Id], [TaskStatusDescription]) VALUES (1, N'Assigned')
INSERT [dbo].[TaskStatus] ([Id], [TaskStatusDescription]) VALUES (2, N'Approved')
INSERT [dbo].[TaskStatus] ([Id], [TaskStatusDescription]) VALUES (3, N'SentForApproval')
INSERT [dbo].[TaskStatus] ([Id], [TaskStatusDescription]) VALUES (4, N'Rejected')
INSERT [dbo].[TaskStatus] ([Id], [TaskStatusDescription]) VALUES (5, N'TaskToApprove')
INSERT [dbo].[TaskStatus] ([Id], [TaskStatusDescription]) VALUES (6, N'Completed')

SET IDENTITY_INSERT [dbo].[ReportCafr] ON 
INSERT [dbo].[ReportCafr] ([Id], [Name], [Text]) VALUES (1, N'Exhibit I', N'Balance Sheet')
INSERT [dbo].[ReportCafr] ([Id], [Name], [Text]) VALUES (2, N'Exhibit II', N'Statement of Net Position')
INSERT [dbo].[ReportCafr] ([Id], [Name], [Text]) VALUES (3, N'Exhibit III', N'Statement of Activities')
INSERT [dbo].[ReportCafr] ([Id], [Name], [Text]) VALUES (4, N'Exhibit IV', N'Statement of Revenues, Expenditures, and Changes in Fund Balances')
SET IDENTITY_INSERT [dbo].[ReportCafr] OFF

SET IDENTITY_INSERT [dbo].[ReportCategory] ON 
INSERT [dbo].[ReportCategory] ([Id], [Name]) VALUES (1, N'Assets')
INSERT [dbo].[ReportCategory] ([Id], [Name]) VALUES (2, N'Liabilities')
INSERT [dbo].[ReportCategory] ([Id], [Name]) VALUES (3, N'Revenues')
INSERT [dbo].[ReportCategory] ([Id], [Name]) VALUES (4, N'Expenses')
INSERT [dbo].[ReportCategory] ([Id], [Name]) VALUES (5, N'Deferred Inflows')
INSERT [dbo].[ReportCategory] ([Id], [Name]) VALUES (6, N'Deferred Outflows')
INSERT [dbo].[ReportCategory] ([Id], [Name]) VALUES (13, N'Test1')
INSERT [dbo].[ReportCategory] ([Id], [Name]) VALUES (14, N'Cat1')
INSERT [dbo].[ReportCategory] ([Id], [Name]) VALUES (15, N'Test34')
INSERT [dbo].[ReportCategory] ([Id], [Name]) VALUES (16, N'Test56')
SET IDENTITY_INSERT [dbo].[ReportCategory] OFF

SET IDENTITY_INSERT [dbo].[ReportSubCategory] ON 
INSERT [dbo].[ReportSubCategory] ([Id], [CategoryId], [Name]) VALUES (1, 1, N'Cash and cash equivalents')
INSERT [dbo].[ReportSubCategory] ([Id], [CategoryId], [Name]) VALUES (2, 1, N'Cash and investments with fiscal agents')
INSERT [dbo].[ReportSubCategory] ([Id], [CategoryId], [Name]) VALUES (3, 1, N'Investments')
INSERT [dbo].[ReportSubCategory] ([Id], [CategoryId], [Name]) VALUES (4, 1, N'Receivables')
INSERT [dbo].[ReportSubCategory] ([Id], [CategoryId], [Name]) VALUES (5, 2, N'Accounts payable')
INSERT [dbo].[ReportSubCategory] ([Id], [CategoryId], [Name]) VALUES (6, 2, N'Accrued wages and benefits')
INSERT [dbo].[ReportSubCategory] ([Id], [CategoryId], [Name]) VALUES (7, 2, N'Unearned revenues')
INSERT [dbo].[ReportSubCategory] ([Id], [CategoryId], [Name]) VALUES (8, 2, N'Interfund payable')
INSERT [dbo].[ReportSubCategory] ([Id], [CategoryId], [Name]) VALUES (19, 1, N'subcat1')
SET IDENTITY_INSERT [dbo].[ReportSubCategory] OFF

SET IDENTITY_INSERT [dbo].[ReportCategoryMap] ON 
INSERT [dbo].[ReportCategoryMap] ([Id], [ReportId], [CategoryId], [SubCategoryId], [CurrentDate]) VALUES (61, 1, 1, 1, CAST(N'2018-07-23T12:07:37.947' AS DateTime))
SET IDENTITY_INSERT [dbo].[ReportCategoryMap] OFF

SET IDENTITY_INSERT [dbo].[ReportColumns] ON 
INSERT [dbo].[ReportColumns] ([Id], [Name]) VALUES (1, N'General')
INSERT [dbo].[ReportColumns] ([Id], [Name]) VALUES (2, N'Special Revenue')
INSERT [dbo].[ReportColumns] ([Id], [Name]) VALUES (3, N'Debt Service')
INSERT [dbo].[ReportColumns] ([Id], [Name]) VALUES (4, N'Capital Projects')
INSERT [dbo].[ReportColumns] ([Id], [Name]) VALUES (5, N'Total Governmental Funds')
INSERT [dbo].[ReportColumns] ([Id], [Name]) VALUES (6, N'Governmental Activites')
INSERT [dbo].[ReportColumns] ([Id], [Name]) VALUES (7, N'Component Units')
INSERT [dbo].[ReportColumns] ([Id], [Name]) VALUES (8, N'Test1')
INSERT [dbo].[ReportColumns] ([Id], [Name]) VALUES (9, N'Generallll')
INSERT [dbo].[ReportColumns] ([Id], [Name]) VALUES (10, N'Gener')
INSERT [dbo].[ReportColumns] ([Id], [Name]) VALUES (11, N'g')
INSERT [dbo].[ReportColumns] ([Id], [Name]) VALUES (12, N'ge')
INSERT [dbo].[ReportColumns] ([Id], [Name]) VALUES (13, N'Test2')
INSERT [dbo].[ReportColumns] ([Id], [Name]) VALUES (14, N'Test2')
INSERT [dbo].[ReportColumns] ([Id], [Name]) VALUES (15, N'Data')
INSERT [dbo].[ReportColumns] ([Id], [Name]) VALUES (16, N'Data2')
INSERT [dbo].[ReportColumns] ([Id], [Name]) VALUES (17, N'getgeneral')
SET IDENTITY_INSERT [dbo].[ReportColumns] OFF

SET IDENTITY_INSERT [dbo].[ReportCafrMap] ON 
INSERT [dbo].[ReportCafrMap] ([Id], [ReportId], [CategoryId], [SubCategoryId], [ColumnId], [TrialBalanceId], [CurrentDate]) VALUES (397, 1, 1, 1, 1, 263, CAST(N'2018-09-06T19:41:25.543' AS DateTime))
INSERT [dbo].[ReportCafrMap] ([Id], [ReportId], [CategoryId], [SubCategoryId], [ColumnId], [TrialBalanceId], [CurrentDate]) VALUES (398, 1, 1, 1, 2, 495, CAST(N'2018-09-06T19:41:26.007' AS DateTime))
INSERT [dbo].[ReportCafrMap] ([Id], [ReportId], [CategoryId], [SubCategoryId], [ColumnId], [TrialBalanceId], [CurrentDate]) VALUES (399, 1, 1, 1, 3, 507, CAST(N'2018-09-06T19:41:26.350' AS DateTime))
INSERT [dbo].[ReportCafrMap] ([Id], [ReportId], [CategoryId], [SubCategoryId], [ColumnId], [TrialBalanceId], [CurrentDate]) VALUES (400, 1, 1, 1, 4, 467, CAST(N'2018-09-06T19:41:26.703' AS DateTime))
INSERT [dbo].[ReportCafrMap] ([Id], [ReportId], [CategoryId], [SubCategoryId], [ColumnId], [TrialBalanceId], [CurrentDate]) VALUES (401, 1, 1, 1, 5, 439, CAST(N'2018-09-06T19:41:27.043' AS DateTime))
INSERT [dbo].[ReportCafrMap] ([Id], [ReportId], [CategoryId], [SubCategoryId], [ColumnId], [TrialBalanceId], [CurrentDate]) VALUES (402, 1, 2, 5, 1, 276, CAST(N'2018-09-06T19:41:27.473' AS DateTime))
INSERT [dbo].[ReportCafrMap] ([Id], [ReportId], [CategoryId], [SubCategoryId], [ColumnId], [TrialBalanceId], [CurrentDate]) VALUES (403, 1, 2, 5, 1, 270, CAST(N'2018-09-06T19:41:27.813' AS DateTime))
INSERT [dbo].[ReportCafrMap] ([Id], [ReportId], [CategoryId], [SubCategoryId], [ColumnId], [TrialBalanceId], [CurrentDate]) VALUES (404, 1, 2, 5, 2, 302, CAST(N'2018-09-06T19:41:28.153' AS DateTime))
INSERT [dbo].[ReportCafrMap] ([Id], [ReportId], [CategoryId], [SubCategoryId], [ColumnId], [TrialBalanceId], [CurrentDate]) VALUES (405, 1, 2, 5, 3, 321, CAST(N'2018-09-06T19:41:28.563' AS DateTime))
INSERT [dbo].[ReportCafrMap] ([Id], [ReportId], [CategoryId], [SubCategoryId], [ColumnId], [TrialBalanceId], [CurrentDate]) VALUES (406, 1, 2, 5, 3, 314, CAST(N'2018-09-06T19:41:28.977' AS DateTime))
INSERT [dbo].[ReportCafrMap] ([Id], [ReportId], [CategoryId], [SubCategoryId], [ColumnId], [TrialBalanceId], [CurrentDate]) VALUES (407, 1, 2, 5, 3, 318, CAST(N'2018-09-06T19:41:29.317' AS DateTime))
INSERT [dbo].[ReportCafrMap] ([Id], [ReportId], [CategoryId], [SubCategoryId], [ColumnId], [TrialBalanceId], [CurrentDate]) VALUES (408, 1, 2, 5, 4, 403, CAST(N'2018-09-06T19:41:29.703' AS DateTime))
INSERT [dbo].[ReportCafrMap] ([Id], [ReportId], [CategoryId], [SubCategoryId], [ColumnId], [TrialBalanceId], [CurrentDate]) VALUES (409, 1, 2, 5, 4, 396, CAST(N'2018-09-06T19:41:30.057' AS DateTime))
INSERT [dbo].[ReportCafrMap] ([Id], [ReportId], [CategoryId], [SubCategoryId], [ColumnId], [TrialBalanceId], [CurrentDate]) VALUES (410, 1, 2, 5, 5, 425, CAST(N'2018-09-06T19:41:30.397' AS DateTime))
INSERT [dbo].[ReportCafrMap] ([Id], [ReportId], [CategoryId], [SubCategoryId], [ColumnId], [TrialBalanceId], [CurrentDate]) VALUES (411, 1, 2, 5, 5, 418, CAST(N'2018-09-06T19:41:30.820' AS DateTime))
INSERT [dbo].[ReportCafrMap] ([Id], [ReportId], [CategoryId], [SubCategoryId], [ColumnId], [TrialBalanceId], [CurrentDate]) VALUES (412, 1, 1, 4, 1, 307, CAST(N'2018-09-06T19:41:31.233' AS DateTime))
INSERT [dbo].[ReportCafrMap] ([Id], [ReportId], [CategoryId], [SubCategoryId], [ColumnId], [TrialBalanceId], [CurrentDate]) VALUES (413, 1, 1, 4, 1, 303, CAST(N'2018-09-06T19:41:31.647' AS DateTime))
INSERT [dbo].[ReportCafrMap] ([Id], [ReportId], [CategoryId], [SubCategoryId], [ColumnId], [TrialBalanceId], [CurrentDate]) VALUES (414, 1, 1, 4, 2, 507, CAST(N'2018-09-06T19:41:32.070' AS DateTime))
INSERT [dbo].[ReportCafrMap] ([Id], [ReportId], [CategoryId], [SubCategoryId], [ColumnId], [TrialBalanceId], [CurrentDate]) VALUES (415, 1, 1, 4, 3, 281, CAST(N'2018-09-06T19:41:32.483' AS DateTime))
INSERT [dbo].[ReportCafrMap] ([Id], [ReportId], [CategoryId], [SubCategoryId], [ColumnId], [TrialBalanceId], [CurrentDate]) VALUES (416, 1, 1, 4, 4, 472, CAST(N'2018-09-06T19:41:32.900' AS DateTime))
INSERT [dbo].[ReportCafrMap] ([Id], [ReportId], [CategoryId], [SubCategoryId], [ColumnId], [TrialBalanceId], [CurrentDate]) VALUES (417, 1, 1, 4, 4, 445, CAST(N'2018-09-06T19:41:33.317' AS DateTime))
SET IDENTITY_INSERT [dbo].[ReportCafrMap] OFF

SET IDENTITY_INSERT [dbo].[ReportColumnTB] ON 
INSERT [dbo].[ReportColumnTB] ([Id], [ReportId], [ColumnId], [TrialBalanceId], [CurrentDate]) VALUES (132, 1, 1, 2, CAST(N'2018-07-23T12:07:34.873' AS DateTime))
INSERT [dbo].[ReportColumnTB] ([Id], [ReportId], [ColumnId], [TrialBalanceId], [CurrentDate]) VALUES (133, 1, 1, 10, CAST(N'2018-07-23T12:07:35.140' AS DateTime))
INSERT [dbo].[ReportColumnTB] ([Id], [ReportId], [ColumnId], [TrialBalanceId], [CurrentDate]) VALUES (134, 1, 2, 1, CAST(N'2018-07-23T12:07:35.403' AS DateTime))
INSERT [dbo].[ReportColumnTB] ([Id], [ReportId], [ColumnId], [TrialBalanceId], [CurrentDate]) VALUES (135, 1, 2, 2, CAST(N'2018-07-23T12:07:35.673' AS DateTime))
INSERT [dbo].[ReportColumnTB] ([Id], [ReportId], [ColumnId], [TrialBalanceId], [CurrentDate]) VALUES (136, 1, 2, 10, CAST(N'2018-07-23T12:07:35.933' AS DateTime))
INSERT [dbo].[ReportColumnTB] ([Id], [ReportId], [ColumnId], [TrialBalanceId], [CurrentDate]) VALUES (137, 1, 2, 5, CAST(N'2018-07-24T15:23:34.000' AS DateTime))
SET IDENTITY_INSERT [dbo].[ReportColumnTB] OFF

SET IDENTITY_INSERT [dbo].[ReportTrialBalance] ON 
INSERT [dbo].[ReportTrialBalance] ([Id], [SubCategoryId], [Fund], [MainAccount], [Division], [Name], [OpeningBalance], [Debit], [Credit], [ClosingBalance]) VALUES (263, 1, 101, 11010, NULL, N'General fund-Pooled Cash-', CAST(-120705.59 AS Decimal(18, 2)), CAST(0.00 AS Decimal(18, 2)), CAST(0.00 AS Decimal(18, 2)), CAST(-120705.59 AS Decimal(18, 2)))
INSERT [dbo].[ReportTrialBalance] ([Id], [SubCategoryId], [Fund], [MainAccount], [Division], [Name], [OpeningBalance], [Debit], [Credit], [ClosingBalance]) VALUES (264, 1, 101, 11210, NULL, N'General fund-Taxes receivable - Current-', CAST(-154405.01 AS Decimal(18, 2)), CAST(0.00 AS Decimal(18, 2)), CAST(0.00 AS Decimal(18, 2)), CAST(-154405.01 AS Decimal(18, 2)))
INSERT [dbo].[ReportTrialBalance] ([Id], [SubCategoryId], [Fund], [MainAccount], [Division], [Name], [OpeningBalance], [Debit], [Credit], [ClosingBalance]) VALUES (265, 1, 101, 11530, NULL, N'General fund-Accounts receivable-', CAST(154405.01 AS Decimal(18, 2)), CAST(0.00 AS Decimal(18, 2)), CAST(0.00 AS Decimal(18, 2)), CAST(154405.01 AS Decimal(18, 2)))
INSERT [dbo].[ReportTrialBalance] ([Id], [SubCategoryId], [Fund], [MainAccount], [Division], [Name], [OpeningBalance], [Debit], [Credit], [ClosingBalance]) VALUES (266, 1, 101, 24240, NULL, N'General fund-Payroll Payables-', CAST(0.00 AS Decimal(18, 2)), CAST(0.00 AS Decimal(18, 2)), CAST(0.00 AS Decimal(18, 2)), CAST(0.00 AS Decimal(18, 2)))
INSERT [dbo].[ReportTrialBalance] ([Id], [SubCategoryId], [Fund], [MainAccount], [Division], [Name], [OpeningBalance], [Debit], [Credit], [ClosingBalance]) VALUES (267, 1, 101, 24710, NULL, N'General fund-Payroll contributions and withholdings-', CAST(0.00 AS Decimal(18, 2)), CAST(0.00 AS Decimal(18, 2)), CAST(0.00 AS Decimal(18, 2)), CAST(0.00 AS Decimal(18, 2)))
INSERT [dbo].[ReportTrialBalance] ([Id], [SubCategoryId], [Fund], [MainAccount], [Division], [Name], [OpeningBalance], [Debit], [Credit], [ClosingBalance]) VALUES (268, 2, 101, 41110, 154, N'General fund-Property taxes - Real property-Treasury and revenue', CAST(-3537327.68 AS Decimal(18, 2)), CAST(0.00 AS Decimal(18, 2)), CAST(294832.00 AS Decimal(18, 2)), CAST(-3832159.68 AS Decimal(18, 2)))
INSERT [dbo].[ReportTrialBalance] ([Id], [SubCategoryId], [Fund], [MainAccount], [Division], [Name], [OpeningBalance], [Debit], [Credit], [ClosingBalance]) VALUES (269, 2, 101, 61100, 121, N'General fund-Regular full time-Mayor', CAST(193079.81 AS Decimal(18, 2)), CAST(14181.00 AS Decimal(18, 2)), CAST(0.00 AS Decimal(18, 2)), CAST(207260.81 AS Decimal(18, 2)))
INSERT [dbo].[ReportTrialBalance] ([Id], [SubCategoryId], [Fund], [MainAccount], [Division], [Name], [OpeningBalance], [Debit], [Credit], [ClosingBalance]) VALUES (270, 2, 101, 61100, 131, N'General fund-Regular full time-City administrator', CAST(153846.38 AS Decimal(18, 2)), CAST(11299.45 AS Decimal(18, 2)), CAST(0.00 AS Decimal(18, 2)), CAST(165145.83 AS Decimal(18, 2)))
INSERT [dbo].[ReportTrialBalance] ([Id], [SubCategoryId], [Fund], [MainAccount], [Division], [Name], [OpeningBalance], [Debit], [Credit], [ClosingBalance]) VALUES (271, 2, 101, 61100, 141, N'General fund-Regular full time-Personnel administration', CAST(185732.55 AS Decimal(18, 2)), CAST(13641.37 AS Decimal(18, 2)), CAST(0.00 AS Decimal(18, 2)), CAST(199373.92 AS Decimal(18, 2)))
INSERT [dbo].[ReportTrialBalance] ([Id], [SubCategoryId], [Fund], [MainAccount], [Division], [Name], [OpeningBalance], [Debit], [Credit], [ClosingBalance]) VALUES (272, 2, 101, 61100, 142, N'General fund-Regular full time-Staffing and recruitment', CAST(47002.70 AS Decimal(18, 2)), CAST(3452.18 AS Decimal(18, 2)), CAST(0.00 AS Decimal(18, 2)), CAST(50454.88 AS Decimal(18, 2)))
INSERT [dbo].[ReportTrialBalance] ([Id], [SubCategoryId], [Fund], [MainAccount], [Division], [Name], [OpeningBalance], [Debit], [Credit], [ClosingBalance]) VALUES (273, 2, 101, 61100, 143, N'General fund-Regular full time-Training and development', CAST(44683.30 AS Decimal(18, 2)), CAST(3281.82 AS Decimal(18, 2)), CAST(0.00 AS Decimal(18, 2)), CAST(47965.12 AS Decimal(18, 2)))
INSERT [dbo].[ReportTrialBalance] ([Id], [SubCategoryId], [Fund], [MainAccount], [Division], [Name], [OpeningBalance], [Debit], [Credit], [ClosingBalance]) VALUES (274, 2, 101, 61100, 144, N'General fund-Regular full time-Compensation and benefits', CAST(62108.59 AS Decimal(18, 2)), CAST(4561.65 AS Decimal(18, 2)), CAST(0.00 AS Decimal(18, 2)), CAST(66670.24 AS Decimal(18, 2)))
INSERT [dbo].[ReportTrialBalance] ([Id], [SubCategoryId], [Fund], [MainAccount], [Division], [Name], [OpeningBalance], [Debit], [Credit], [ClosingBalance]) VALUES (275, 2, 101, 61100, 151, N'General fund-Regular full time-Finance administration', CAST(233384.98 AS Decimal(18, 2)), CAST(17141.27 AS Decimal(18, 2)), CAST(0.00 AS Decimal(18, 2)), CAST(250526.25 AS Decimal(18, 2)))
INSERT [dbo].[ReportTrialBalance] ([Id], [SubCategoryId], [Fund], [MainAccount], [Division], [Name], [OpeningBalance], [Debit], [Credit], [ClosingBalance]) VALUES (276, 2, 101, 61100, 152, N'General fund-Regular full time-Accounting', CAST(284480.35 AS Decimal(18, 2)), CAST(20894.04 AS Decimal(18, 2)), CAST(0.00 AS Decimal(18, 2)), CAST(305374.39 AS Decimal(18, 2)))
INSERT [dbo].[ReportTrialBalance] ([Id], [SubCategoryId], [Fund], [MainAccount], [Division], [Name], [OpeningBalance], [Debit], [Credit], [ClosingBalance]) VALUES (277, 2, 101, 61100, 153, N'General fund-Regular full time-Budget', CAST(113718.15 AS Decimal(18, 2)), CAST(8352.18 AS Decimal(18, 2)), CAST(0.00 AS Decimal(18, 2)), CAST(122070.33 AS Decimal(18, 2)))
INSERT [dbo].[ReportTrialBalance] ([Id], [SubCategoryId], [Fund], [MainAccount], [Division], [Name], [OpeningBalance], [Debit], [Credit], [ClosingBalance]) VALUES (278, 2, 101, 61100, 154, N'General fund-Regular full time-Treasury and revenue', CAST(68621.52 AS Decimal(18, 2)), CAST(5040.00 AS Decimal(18, 2)), CAST(0.00 AS Decimal(18, 2)), CAST(73661.52 AS Decimal(18, 2)))
INSERT [dbo].[ReportTrialBalance] ([Id], [SubCategoryId], [Fund], [MainAccount], [Division], [Name], [OpeningBalance], [Debit], [Credit], [ClosingBalance]) VALUES (279, 2, 101, 61100, 155, N'General fund-Regular full time-Purchasing', CAST(105210.43 AS Decimal(18, 2)), CAST(7727.32 AS Decimal(18, 2)), CAST(0.00 AS Decimal(18, 2)), CAST(112937.75 AS Decimal(18, 2)))
INSERT [dbo].[ReportTrialBalance] ([Id], [SubCategoryId], [Fund], [MainAccount], [Division], [Name], [OpeningBalance], [Debit], [Credit], [ClosingBalance]) VALUES (280, 2, 101, 61100, 156, N'General fund-Regular full time-Payroll', CAST(45833.09 AS Decimal(18, 2)), CAST(3366.27 AS Decimal(18, 2)), CAST(0.00 AS Decimal(18, 2)), CAST(49199.36 AS Decimal(18, 2)))
INSERT [dbo].[ReportTrialBalance] ([Id], [SubCategoryId], [Fund], [MainAccount], [Division], [Name], [OpeningBalance], [Debit], [Credit], [ClosingBalance]) VALUES (281, 2, 101, 61100, 157, N'General fund-Regular full time-Information technology', CAST(129054.24 AS Decimal(18, 2)), CAST(9478.56 AS Decimal(18, 2)), CAST(0.00 AS Decimal(18, 2)), CAST(138532.80 AS Decimal(18, 2)))
INSERT [dbo].[ReportTrialBalance] ([Id], [SubCategoryId], [Fund], [MainAccount], [Division], [Name], [OpeningBalance], [Debit], [Credit], [ClosingBalance]) VALUES (282, 2, 101, 61100, 211, N'General fund-Regular full time-Police administration', CAST(109603.91 AS Decimal(18, 2)), CAST(8050.01 AS Decimal(18, 2)), CAST(0.00 AS Decimal(18, 2)), CAST(117653.92 AS Decimal(18, 2)))
INSERT [dbo].[ReportTrialBalance] ([Id], [SubCategoryId], [Fund], [MainAccount], [Division], [Name], [OpeningBalance], [Debit], [Credit], [ClosingBalance]) VALUES (283, 2, 101, 61100, 212, N'General fund-Regular full time-Police investigation', CAST(207740.02 AS Decimal(18, 2)), CAST(15986.70 AS Decimal(18, 2)), CAST(0.00 AS Decimal(18, 2)), CAST(223726.72 AS Decimal(18, 2)))
INSERT [dbo].[ReportTrialBalance] ([Id], [SubCategoryId], [Fund], [MainAccount], [Division], [Name], [OpeningBalance], [Debit], [Credit], [ClosingBalance]) VALUES (284, 2, 101, 61100, 221, N'General fund-Regular full time-Fire administration', CAST(109603.91 AS Decimal(18, 2)), CAST(8050.01 AS Decimal(18, 2)), CAST(0.00 AS Decimal(18, 2)), CAST(117653.92 AS Decimal(18, 2)))
INSERT [dbo].[ReportTrialBalance] ([Id], [SubCategoryId], [Fund], [MainAccount], [Division], [Name], [OpeningBalance], [Debit], [Credit], [ClosingBalance]) VALUES (285, 2, 101, 61100, 223, N'General fund-Regular full time-Fire prevention', CAST(233967.18 AS Decimal(18, 2)), CAST(17593.43 AS Decimal(18, 2)), CAST(0.00 AS Decimal(18, 2)), CAST(251560.61 AS Decimal(18, 2)))
INSERT [dbo].[ReportTrialBalance] ([Id], [SubCategoryId], [Fund], [MainAccount], [Division], [Name], [OpeningBalance], [Debit], [Credit], [ClosingBalance]) VALUES (286, 2, 101, 61100, 301, N'General fund-Regular full time-Public works administration', CAST(10007.15 AS Decimal(18, 2)), CAST(734.99 AS Decimal(18, 2)), CAST(0.00 AS Decimal(18, 2)), CAST(10742.14 AS Decimal(18, 2)))
INSERT [dbo].[ReportTrialBalance] ([Id], [SubCategoryId], [Fund], [MainAccount], [Division], [Name], [OpeningBalance], [Debit], [Credit], [ClosingBalance]) VALUES (287, 2, 101, 61100, 302, N'General fund-Regular full time-Public works operations', CAST(6842.55 AS Decimal(18, 2)), CAST(573.52 AS Decimal(18, 2)), CAST(0.00 AS Decimal(18, 2)), CAST(7416.07 AS Decimal(18, 2)))
INSERT [dbo].[ReportTrialBalance] ([Id], [SubCategoryId], [Fund], [MainAccount], [Division], [Name], [OpeningBalance], [Debit], [Credit], [ClosingBalance]) VALUES (288, 2, 101, 61100, 304, N'General fund-Regular full time-Customer services', CAST(8129.08 AS Decimal(18, 2)), CAST(597.05 AS Decimal(18, 2)), CAST(0.00 AS Decimal(18, 2)), CAST(8726.13 AS Decimal(18, 2)))
INSERT [dbo].[ReportTrialBalance] ([Id], [SubCategoryId], [Fund], [MainAccount], [Division], [Name], [OpeningBalance], [Debit], [Credit], [ClosingBalance]) VALUES (289, 2, 101, 61100, 510, N'General fund-Regular full time-Parks and Rec administration', CAST(81011.52 AS Decimal(18, 2)), CAST(5950.00 AS Decimal(18, 2)), CAST(0.00 AS Decimal(18, 2)), CAST(86961.52 AS Decimal(18, 2)))
INSERT [dbo].[ReportTrialBalance] ([Id], [SubCategoryId], [Fund], [MainAccount], [Division], [Name], [OpeningBalance], [Debit], [Credit], [ClosingBalance]) VALUES (290, 2, 101, 61100, 511, N'General fund-Regular full time-Parks', CAST(34711.82 AS Decimal(18, 2)), CAST(2549.46 AS Decimal(18, 2)), CAST(0.00 AS Decimal(18, 2)), CAST(37261.28 AS Decimal(18, 2)))
INSERT [dbo].[ReportTrialBalance] ([Id], [SubCategoryId], [Fund], [MainAccount], [Division], [Name], [OpeningBalance], [Debit], [Credit], [ClosingBalance]) VALUES (291, 2, 101, 62100, 121, N'General fund-Group insurance-Mayor', CAST(21860.92 AS Decimal(18, 2)), CAST(1605.60 AS Decimal(18, 2)), CAST(0.00 AS Decimal(18, 2)), CAST(23466.52 AS Decimal(18, 2)))
INSERT [dbo].[ReportTrialBalance] ([Id], [SubCategoryId], [Fund], [MainAccount], [Division], [Name], [OpeningBalance], [Debit], [Credit], [ClosingBalance]) VALUES (292, 2, 101, 62100, 131, N'General fund-Group insurance-City administrator', CAST(23786.57 AS Decimal(18, 2)), CAST(1747.04 AS Decimal(18, 2)), CAST(0.00 AS Decimal(18, 2)), CAST(25533.61 AS Decimal(18, 2)))
INSERT [dbo].[ReportTrialBalance] ([Id], [SubCategoryId], [Fund], [MainAccount], [Division], [Name], [OpeningBalance], [Debit], [Credit], [ClosingBalance]) VALUES (293, 2, 101, 62100, 141, N'General fund-Group insurance-Personnel administration', CAST(31596.98 AS Decimal(18, 2)), CAST(2320.68 AS Decimal(18, 2)), CAST(0.00 AS Decimal(18, 2)), CAST(33917.66 AS Decimal(18, 2)))
INSERT [dbo].[ReportTrialBalance] ([Id], [SubCategoryId], [Fund], [MainAccount], [Division], [Name], [OpeningBalance], [Debit], [Credit], [ClosingBalance]) VALUES (294, 2, 101, 62100, 142, N'General fund-Group insurance-Staffing and recruitment', CAST(16327.54 AS Decimal(18, 2)), CAST(1199.20 AS Decimal(18, 2)), CAST(0.00 AS Decimal(18, 2)), CAST(17526.74 AS Decimal(18, 2)))
INSERT [dbo].[ReportTrialBalance] ([Id], [SubCategoryId], [Fund], [MainAccount], [Division], [Name], [OpeningBalance], [Debit], [Credit], [ClosingBalance]) VALUES (295, 2, 101, 62100, 143, N'General fund-Group insurance-Training and development', CAST(6387.54 AS Decimal(18, 2)), CAST(469.14 AS Decimal(18, 2)), CAST(0.00 AS Decimal(18, 2)), CAST(6856.68 AS Decimal(18, 2)))
INSERT [dbo].[ReportTrialBalance] ([Id], [SubCategoryId], [Fund], [MainAccount], [Division], [Name], [OpeningBalance], [Debit], [Credit], [ClosingBalance]) VALUES (296, 2, 101, 62100, 144, N'General fund-Group insurance-Compensation and benefits', CAST(11973.70 AS Decimal(18, 2)), CAST(879.42 AS Decimal(18, 2)), CAST(0.00 AS Decimal(18, 2)), CAST(12853.12 AS Decimal(18, 2)))
INSERT [dbo].[ReportTrialBalance] ([Id], [SubCategoryId], [Fund], [MainAccount], [Division], [Name], [OpeningBalance], [Debit], [Credit], [ClosingBalance]) VALUES (297, 2, 101, 62100, 151, N'General fund-Group insurance-Finance administration', CAST(41774.12 AS Decimal(18, 2)), CAST(3068.16 AS Decimal(18, 2)), CAST(0.00 AS Decimal(18, 2)), CAST(44842.28 AS Decimal(18, 2)))
INSERT [dbo].[ReportTrialBalance] ([Id], [SubCategoryId], [Fund], [MainAccount], [Division], [Name], [OpeningBalance], [Debit], [Credit], [ClosingBalance]) VALUES (298, 2, 101, 62100, 152, N'General fund-Group insurance-Accounting', CAST(54531.62 AS Decimal(18, 2)), CAST(4005.15 AS Decimal(18, 2)), CAST(0.00 AS Decimal(18, 2)), CAST(58536.77 AS Decimal(18, 2)))
INSERT [dbo].[ReportTrialBalance] ([Id], [SubCategoryId], [Fund], [MainAccount], [Division], [Name], [OpeningBalance], [Debit], [Credit], [ClosingBalance]) VALUES (299, 2, 101, 62100, 153, N'General fund-Group insurance-Budget', CAST(16541.15 AS Decimal(18, 2)), CAST(1214.89 AS Decimal(18, 2)), CAST(0.00 AS Decimal(18, 2)), CAST(17756.04 AS Decimal(18, 2)))
INSERT [dbo].[ReportTrialBalance] ([Id], [SubCategoryId], [Fund], [MainAccount], [Division], [Name], [OpeningBalance], [Debit], [Credit], [ClosingBalance]) VALUES (300, 2, 101, 62100, 154, N'General fund-Group insurance-Treasury and revenue', CAST(15999.21 AS Decimal(18, 2)), CAST(1175.08 AS Decimal(18, 2)), CAST(0.00 AS Decimal(18, 2)), CAST(17174.29 AS Decimal(18, 2)))
INSERT [dbo].[ReportTrialBalance] ([Id], [SubCategoryId], [Fund], [MainAccount], [Division], [Name], [OpeningBalance], [Debit], [Credit], [ClosingBalance]) VALUES (301, 2, 101, 62100, 155, N'General fund-Group insurance-Purchasing', CAST(27891.38 AS Decimal(18, 2)), CAST(2048.52 AS Decimal(18, 2)), CAST(0.00 AS Decimal(18, 2)), CAST(29939.90 AS Decimal(18, 2)))
INSERT [dbo].[ReportTrialBalance] ([Id], [SubCategoryId], [Fund], [MainAccount], [Division], [Name], [OpeningBalance], [Debit], [Credit], [ClosingBalance]) VALUES (302, 2, 101, 62100, 156, N'General fund-Group insurance-Payroll', CAST(4999.86 AS Decimal(18, 2)), CAST(367.22 AS Decimal(18, 2)), CAST(0.00 AS Decimal(18, 2)), CAST(5367.08 AS Decimal(18, 2)))
INSERT [dbo].[ReportTrialBalance] ([Id], [SubCategoryId], [Fund], [MainAccount], [Division], [Name], [OpeningBalance], [Debit], [Credit], [ClosingBalance]) VALUES (303, 2, 101, 62100, 157, N'General fund-Group insurance-Information technology', CAST(22437.29 AS Decimal(18, 2)), CAST(1647.94 AS Decimal(18, 2)), CAST(0.00 AS Decimal(18, 2)), CAST(24085.23 AS Decimal(18, 2)))
INSERT [dbo].[ReportTrialBalance] ([Id], [SubCategoryId], [Fund], [MainAccount], [Division], [Name], [OpeningBalance], [Debit], [Credit], [ClosingBalance]) VALUES (304, 2, 101, 62100, 211, N'General fund-Group insurance-Police administration', CAST(12125.59 AS Decimal(18, 2)), CAST(890.58 AS Decimal(18, 2)), CAST(0.00 AS Decimal(18, 2)), CAST(13016.17 AS Decimal(18, 2)))
INSERT [dbo].[ReportTrialBalance] ([Id], [SubCategoryId], [Fund], [MainAccount], [Division], [Name], [OpeningBalance], [Debit], [Credit], [ClosingBalance]) VALUES (305, 2, 101, 62100, 212, N'General fund-Group insurance-Police investigation', CAST(26817.06 AS Decimal(18, 2)), CAST(2014.38 AS Decimal(18, 2)), CAST(0.00 AS Decimal(18, 2)), CAST(28831.44 AS Decimal(18, 2)))
INSERT [dbo].[ReportTrialBalance] ([Id], [SubCategoryId], [Fund], [MainAccount], [Division], [Name], [OpeningBalance], [Debit], [Credit], [ClosingBalance]) VALUES (306, 2, 101, 62100, 221, N'General fund-Group insurance-Fire administration', CAST(12403.88 AS Decimal(18, 2)), CAST(911.02 AS Decimal(18, 2)), CAST(0.00 AS Decimal(18, 2)), CAST(13314.90 AS Decimal(18, 2)))
INSERT [dbo].[ReportTrialBalance] ([Id], [SubCategoryId], [Fund], [MainAccount], [Division], [Name], [OpeningBalance], [Debit], [Credit], [ClosingBalance]) VALUES (307, 2, 101, 62100, 223, N'General fund-Group insurance-Fire prevention', CAST(21234.51 AS Decimal(18, 2)), CAST(1573.63 AS Decimal(18, 2)), CAST(0.00 AS Decimal(18, 2)), CAST(22808.14 AS Decimal(18, 2)))
INSERT [dbo].[ReportTrialBalance] ([Id], [SubCategoryId], [Fund], [MainAccount], [Division], [Name], [OpeningBalance], [Debit], [Credit], [ClosingBalance]) VALUES (308, 2, 101, 62100, 301, N'General fund-Group insurance-Public works administration', CAST(505.26 AS Decimal(18, 2)), CAST(37.11 AS Decimal(18, 2)), CAST(0.00 AS Decimal(18, 2)), CAST(542.37 AS Decimal(18, 2)))
INSERT [dbo].[ReportTrialBalance] ([Id], [SubCategoryId], [Fund], [MainAccount], [Division], [Name], [OpeningBalance], [Debit], [Credit], [ClosingBalance]) VALUES (309, 2, 101, 62100, 302, N'General fund-Group insurance-Public works operations', CAST(637.83 AS Decimal(18, 2)), CAST(46.85 AS Decimal(18, 2)), CAST(0.00 AS Decimal(18, 2)), CAST(684.68 AS Decimal(18, 2)))
INSERT [dbo].[ReportTrialBalance] ([Id], [SubCategoryId], [Fund], [MainAccount], [Division], [Name], [OpeningBalance], [Debit], [Credit], [ClosingBalance]) VALUES (310, 2, 101, 62100, 304, N'General fund-Group insurance-Customer services', CAST(1203.32 AS Decimal(18, 2)), CAST(88.38 AS Decimal(18, 2)), CAST(0.00 AS Decimal(18, 2)), CAST(1291.70 AS Decimal(18, 2)))
INSERT [dbo].[ReportTrialBalance] ([Id], [SubCategoryId], [Fund], [MainAccount], [Division], [Name], [OpeningBalance], [Debit], [Credit], [ClosingBalance]) VALUES (311, 2, 101, 62100, 510, N'General fund-Group insurance-Parks and Rec administration', CAST(6503.75 AS Decimal(18, 2)), CAST(477.68 AS Decimal(18, 2)), CAST(0.00 AS Decimal(18, 2)), CAST(6981.43 AS Decimal(18, 2)))
INSERT [dbo].[ReportTrialBalance] ([Id], [SubCategoryId], [Fund], [MainAccount], [Division], [Name], [OpeningBalance], [Debit], [Credit], [ClosingBalance]) VALUES (312, 2, 101, 62100, 511, N'General fund-Group insurance-Parks', CAST(16288.14 AS Decimal(18, 2)), CAST(1196.30 AS Decimal(18, 2)), CAST(0.00 AS Decimal(18, 2)), CAST(17484.44 AS Decimal(18, 2)))
INSERT [dbo].[ReportTrialBalance] ([Id], [SubCategoryId], [Fund], [MainAccount], [Division], [Name], [OpeningBalance], [Debit], [Credit], [ClosingBalance]) VALUES (313, 2, 101, 62200, 121, N'General fund-Federal Payroll Taxes-Mayor', CAST(14364.35 AS Decimal(18, 2)), CAST(1055.00 AS Decimal(18, 2)), CAST(0.00 AS Decimal(18, 2)), CAST(15419.35 AS Decimal(18, 2)))
INSERT [dbo].[ReportTrialBalance] ([Id], [SubCategoryId], [Fund], [MainAccount], [Division], [Name], [OpeningBalance], [Debit], [Credit], [ClosingBalance]) VALUES (314, 2, 101, 62200, 131, N'General fund-Federal Payroll Taxes-City administrator', CAST(11321.60 AS Decimal(18, 2)), CAST(831.54 AS Decimal(18, 2)), CAST(0.00 AS Decimal(18, 2)), CAST(12153.14 AS Decimal(18, 2)))
INSERT [dbo].[ReportTrialBalance] ([Id], [SubCategoryId], [Fund], [MainAccount], [Division], [Name], [OpeningBalance], [Debit], [Credit], [ClosingBalance]) VALUES (315, 2, 101, 62200, 141, N'General fund-Federal Payroll Taxes-Personnel administration', CAST(13615.57 AS Decimal(18, 2)), CAST(1000.02 AS Decimal(18, 2)), CAST(0.00 AS Decimal(18, 2)), CAST(14615.59 AS Decimal(18, 2)))
INSERT [dbo].[ReportTrialBalance] ([Id], [SubCategoryId], [Fund], [MainAccount], [Division], [Name], [OpeningBalance], [Debit], [Credit], [ClosingBalance]) VALUES (316, 2, 101, 62200, 142, N'General fund-Federal Payroll Taxes-Staffing and recruitment', CAST(3286.33 AS Decimal(18, 2)), CAST(241.36 AS Decimal(18, 2)), CAST(0.00 AS Decimal(18, 2)), CAST(3527.69 AS Decimal(18, 2)))
INSERT [dbo].[ReportTrialBalance] ([Id], [SubCategoryId], [Fund], [MainAccount], [Division], [Name], [OpeningBalance], [Debit], [Credit], [ClosingBalance]) VALUES (317, 2, 101, 62200, 143, N'General fund-Federal Payroll Taxes-Training and development', CAST(3298.84 AS Decimal(18, 2)), CAST(242.29 AS Decimal(18, 2)), CAST(0.00 AS Decimal(18, 2)), CAST(3541.13 AS Decimal(18, 2)))
INSERT [dbo].[ReportTrialBalance] ([Id], [SubCategoryId], [Fund], [MainAccount], [Division], [Name], [OpeningBalance], [Debit], [Credit], [ClosingBalance]) VALUES (318, 2, 101, 62200, 144, N'General fund-Federal Payroll Taxes-Compensation and benefits', CAST(4526.10 AS Decimal(18, 2)), CAST(332.43 AS Decimal(18, 2)), CAST(0.00 AS Decimal(18, 2)), CAST(4858.53 AS Decimal(18, 2)))
INSERT [dbo].[ReportTrialBalance] ([Id], [SubCategoryId], [Fund], [MainAccount], [Division], [Name], [OpeningBalance], [Debit], [Credit], [ClosingBalance]) VALUES (319, 2, 101, 62200, 151, N'General fund-Federal Payroll Taxes-Finance administration', CAST(17069.35 AS Decimal(18, 2)), CAST(1253.67 AS Decimal(18, 2)), CAST(0.00 AS Decimal(18, 2)), CAST(18323.02 AS Decimal(18, 2)))
INSERT [dbo].[ReportTrialBalance] ([Id], [SubCategoryId], [Fund], [MainAccount], [Division], [Name], [OpeningBalance], [Debit], [Credit], [ClosingBalance]) VALUES (320, 2, 101, 62200, 152, N'General fund-Federal Payroll Taxes-Accounting', CAST(20733.85 AS Decimal(18, 2)), CAST(1522.83 AS Decimal(18, 2)), CAST(0.00 AS Decimal(18, 2)), CAST(22256.68 AS Decimal(18, 2)))
INSERT [dbo].[ReportTrialBalance] ([Id], [SubCategoryId], [Fund], [MainAccount], [Division], [Name], [OpeningBalance], [Debit], [Credit], [ClosingBalance]) VALUES (321, 2, 101, 62200, 153, N'General fund-Federal Payroll Taxes-Budget', CAST(8390.04 AS Decimal(18, 2)), CAST(616.22 AS Decimal(18, 2)), CAST(0.00 AS Decimal(18, 2)), CAST(9006.26 AS Decimal(18, 2)))
INSERT [dbo].[ReportTrialBalance] ([Id], [SubCategoryId], [Fund], [MainAccount], [Division], [Name], [OpeningBalance], [Debit], [Credit], [ClosingBalance]) VALUES (322, 2, 101, 62200, 154, N'General fund-Federal Payroll Taxes-Treasury and revenue', CAST(4947.78 AS Decimal(18, 2)), CAST(363.39 AS Decimal(18, 2)), CAST(0.00 AS Decimal(18, 2)), CAST(5311.17 AS Decimal(18, 2)))
INSERT [dbo].[ReportTrialBalance] ([Id], [SubCategoryId], [Fund], [MainAccount], [Division], [Name], [OpeningBalance], [Debit], [Credit], [ClosingBalance]) VALUES (323, 2, 101, 62200, 155, N'General fund-Federal Payroll Taxes-Purchasing', CAST(7332.04 AS Decimal(18, 2)), CAST(538.51 AS Decimal(18, 2)), CAST(0.00 AS Decimal(18, 2)), CAST(7870.55 AS Decimal(18, 2)))
INSERT [dbo].[ReportTrialBalance] ([Id], [SubCategoryId], [Fund], [MainAccount], [Division], [Name], [OpeningBalance], [Debit], [Credit], [ClosingBalance]) VALUES (324, 2, 101, 62200, 156, N'General fund-Federal Payroll Taxes-Payroll', CAST(3413.45 AS Decimal(18, 2)), CAST(250.71 AS Decimal(18, 2)), CAST(0.00 AS Decimal(18, 2)), CAST(3664.16 AS Decimal(18, 2)))
INSERT [dbo].[ReportTrialBalance] ([Id], [SubCategoryId], [Fund], [MainAccount], [Division], [Name], [OpeningBalance], [Debit], [Credit], [ClosingBalance]) VALUES (325, 2, 101, 62200, 157, N'General fund-Federal Payroll Taxes-Information technology', CAST(9451.44 AS Decimal(18, 2)), CAST(694.17 AS Decimal(18, 2)), CAST(0.00 AS Decimal(18, 2)), CAST(10145.61 AS Decimal(18, 2)))
INSERT [dbo].[ReportTrialBalance] ([Id], [SubCategoryId], [Fund], [MainAccount], [Division], [Name], [OpeningBalance], [Debit], [Credit], [ClosingBalance]) VALUES (326, 2, 101, 62200, 211, N'General fund-Federal Payroll Taxes-Police administration', CAST(8159.50 AS Decimal(18, 2)), CAST(599.29 AS Decimal(18, 2)), CAST(0.00 AS Decimal(18, 2)), CAST(8758.79 AS Decimal(18, 2)))
INSERT [dbo].[ReportTrialBalance] ([Id], [SubCategoryId], [Fund], [MainAccount], [Division], [Name], [OpeningBalance], [Debit], [Credit], [ClosingBalance]) VALUES (327, 2, 101, 62200, 212, N'General fund-Federal Payroll Taxes-Police investigation', CAST(15383.65 AS Decimal(18, 2)), CAST(1184.77 AS Decimal(18, 2)), CAST(0.00 AS Decimal(18, 2)), CAST(16568.42 AS Decimal(18, 2)))
INSERT [dbo].[ReportTrialBalance] ([Id], [SubCategoryId], [Fund], [MainAccount], [Division], [Name], [OpeningBalance], [Debit], [Credit], [ClosingBalance]) VALUES (328, 2, 101, 62200, 221, N'General fund-Federal Payroll Taxes-Fire administration', CAST(8154.19 AS Decimal(18, 2)), CAST(598.89 AS Decimal(18, 2)), CAST(0.00 AS Decimal(18, 2)), CAST(8753.08 AS Decimal(18, 2)))
INSERT [dbo].[ReportTrialBalance] ([Id], [SubCategoryId], [Fund], [MainAccount], [Division], [Name], [OpeningBalance], [Debit], [Credit], [ClosingBalance]) VALUES (329, 2, 101, 62200, 223, N'General fund-Federal Payroll Taxes-Fire prevention', CAST(17502.22 AS Decimal(18, 2)), CAST(1316.52 AS Decimal(18, 2)), CAST(0.00 AS Decimal(18, 2)), CAST(18818.74 AS Decimal(18, 2)))
INSERT [dbo].[ReportTrialBalance] ([Id], [SubCategoryId], [Fund], [MainAccount], [Division], [Name], [OpeningBalance], [Debit], [Credit], [ClosingBalance]) VALUES (330, 2, 101, 62200, 301, N'General fund-Federal Payroll Taxes-Public works administration', CAST(756.42 AS Decimal(18, 2)), CAST(55.56 AS Decimal(18, 2)), CAST(0.00 AS Decimal(18, 2)), CAST(811.98 AS Decimal(18, 2)))
INSERT [dbo].[ReportTrialBalance] ([Id], [SubCategoryId], [Fund], [MainAccount], [Division], [Name], [OpeningBalance], [Debit], [Credit], [ClosingBalance]) VALUES (331, 2, 101, 62200, 302, N'General fund-Federal Payroll Taxes-Public works operations', CAST(487.46 AS Decimal(18, 2)), CAST(41.22 AS Decimal(18, 2)), CAST(0.00 AS Decimal(18, 2)), CAST(528.68 AS Decimal(18, 2)))
INSERT [dbo].[ReportTrialBalance] ([Id], [SubCategoryId], [Fund], [MainAccount], [Division], [Name], [OpeningBalance], [Debit], [Credit], [ClosingBalance]) VALUES (332, 2, 101, 62200, 304, N'General fund-Federal Payroll Taxes-Customer services', CAST(599.30 AS Decimal(18, 2)), CAST(44.02 AS Decimal(18, 2)), CAST(0.00 AS Decimal(18, 2)), CAST(643.32 AS Decimal(18, 2)))
INSERT [dbo].[ReportTrialBalance] ([Id], [SubCategoryId], [Fund], [MainAccount], [Division], [Name], [OpeningBalance], [Debit], [Credit], [ClosingBalance]) VALUES (333, 2, 101, 62200, 510, N'General fund-Federal Payroll Taxes-Parks and Rec administration', CAST(6077.95 AS Decimal(18, 2)), CAST(446.40 AS Decimal(18, 2)), CAST(0.00 AS Decimal(18, 2)), CAST(6524.35 AS Decimal(18, 2)))
INSERT [dbo].[ReportTrialBalance] ([Id], [SubCategoryId], [Fund], [MainAccount], [Division], [Name], [OpeningBalance], [Debit], [Credit], [ClosingBalance]) VALUES (334, 2, 101, 62200, 511, N'General fund-Federal Payroll Taxes-Parks', CAST(2346.08 AS Decimal(18, 2)), CAST(172.31 AS Decimal(18, 2)), CAST(0.00 AS Decimal(18, 2)), CAST(2518.39 AS Decimal(18, 2)))
INSERT [dbo].[ReportTrialBalance] ([Id], [SubCategoryId], [Fund], [MainAccount], [Division], [Name], [OpeningBalance], [Debit], [Credit], [ClosingBalance]) VALUES (335, 2, 101, 62300, 121, N'General fund-Retirement contributions-Mayor', CAST(7722.94 AS Decimal(18, 2)), CAST(567.22 AS Decimal(18, 2)), CAST(0.00 AS Decimal(18, 2)), CAST(8290.16 AS Decimal(18, 2)))
INSERT [dbo].[ReportTrialBalance] ([Id], [SubCategoryId], [Fund], [MainAccount], [Division], [Name], [OpeningBalance], [Debit], [Credit], [ClosingBalance]) VALUES (336, 2, 101, 62300, 131, N'General fund-Retirement contributions-City administrator', CAST(781.07 AS Decimal(18, 2)), CAST(57.37 AS Decimal(18, 2)), CAST(0.00 AS Decimal(18, 2)), CAST(838.44 AS Decimal(18, 2)))
INSERT [dbo].[ReportTrialBalance] ([Id], [SubCategoryId], [Fund], [MainAccount], [Division], [Name], [OpeningBalance], [Debit], [Credit], [ClosingBalance]) VALUES (337, 2, 101, 62300, 141, N'General fund-Retirement contributions-Personnel administration', CAST(2621.47 AS Decimal(18, 2)), CAST(192.54 AS Decimal(18, 2)), CAST(0.00 AS Decimal(18, 2)), CAST(2814.01 AS Decimal(18, 2)))
INSERT [dbo].[ReportTrialBalance] ([Id], [SubCategoryId], [Fund], [MainAccount], [Division], [Name], [OpeningBalance], [Debit], [Credit], [ClosingBalance]) VALUES (338, 2, 101, 62300, 144, N'General fund-Retirement contributions-Compensation and benefits', CAST(2484.45 AS Decimal(18, 2)), CAST(182.47 AS Decimal(18, 2)), CAST(0.00 AS Decimal(18, 2)), CAST(2666.92 AS Decimal(18, 2)))
INSERT [dbo].[ReportTrialBalance] ([Id], [SubCategoryId], [Fund], [MainAccount], [Division], [Name], [OpeningBalance], [Debit], [Credit], [ClosingBalance]) VALUES (339, 2, 101, 62300, 151, N'General fund-Retirement contributions-Finance administration', CAST(7234.03 AS Decimal(18, 2)), CAST(531.31 AS Decimal(18, 2)), CAST(0.00 AS Decimal(18, 2)), CAST(7765.34 AS Decimal(18, 2)))
INSERT [dbo].[ReportTrialBalance] ([Id], [SubCategoryId], [Fund], [MainAccount], [Division], [Name], [OpeningBalance], [Debit], [Credit], [ClosingBalance]) VALUES (340, 2, 101, 62300, 152, N'General fund-Retirement contributions-Accounting', CAST(7161.67 AS Decimal(18, 2)), CAST(526.00 AS Decimal(18, 2)), CAST(0.00 AS Decimal(18, 2)), CAST(7687.67 AS Decimal(18, 2)))
INSERT [dbo].[ReportTrialBalance] ([Id], [SubCategoryId], [Fund], [MainAccount], [Division], [Name], [OpeningBalance], [Debit], [Credit], [ClosingBalance]) VALUES (341, 2, 101, 62300, 153, N'General fund-Retirement contributions-Budget', CAST(3995.28 AS Decimal(18, 2)), CAST(293.44 AS Decimal(18, 2)), CAST(0.00 AS Decimal(18, 2)), CAST(4288.72 AS Decimal(18, 2)))
INSERT [dbo].[ReportTrialBalance] ([Id], [SubCategoryId], [Fund], [MainAccount], [Division], [Name], [OpeningBalance], [Debit], [Credit], [ClosingBalance]) VALUES (342, 2, 101, 62300, 154, N'General fund-Retirement contributions-Treasury and revenue', CAST(2744.88 AS Decimal(18, 2)), CAST(201.60 AS Decimal(18, 2)), CAST(0.00 AS Decimal(18, 2)), CAST(2946.48 AS Decimal(18, 2)))
INSERT [dbo].[ReportTrialBalance] ([Id], [SubCategoryId], [Fund], [MainAccount], [Division], [Name], [OpeningBalance], [Debit], [Credit], [ClosingBalance]) VALUES (343, 2, 101, 62300, 155, N'General fund-Retirement contributions-Purchasing', CAST(2525.08 AS Decimal(18, 2)), CAST(185.46 AS Decimal(18, 2)), CAST(0.00 AS Decimal(18, 2)), CAST(2710.54 AS Decimal(18, 2)))
INSERT [dbo].[ReportTrialBalance] ([Id], [SubCategoryId], [Fund], [MainAccount], [Division], [Name], [OpeningBalance], [Debit], [Credit], [ClosingBalance]) VALUES (344, 2, 101, 62300, 157, N'General fund-Retirement contributions-Information technology', CAST(2973.60 AS Decimal(18, 2)), CAST(218.40 AS Decimal(18, 2)), CAST(0.00 AS Decimal(18, 2)), CAST(3192.00 AS Decimal(18, 2)))
INSERT [dbo].[ReportTrialBalance] ([Id], [SubCategoryId], [Fund], [MainAccount], [Division], [Name], [OpeningBalance], [Debit], [Credit], [ClosingBalance]) VALUES (345, 2, 101, 62300, 223, N'General fund-Retirement contributions-Fire prevention', CAST(3282.60 AS Decimal(18, 2)), CAST(241.10 AS Decimal(18, 2)), CAST(0.00 AS Decimal(18, 2)), CAST(3523.70 AS Decimal(18, 2)))
INSERT [dbo].[ReportTrialBalance] ([Id], [SubCategoryId], [Fund], [MainAccount], [Division], [Name], [OpeningBalance], [Debit], [Credit], [ClosingBalance]) VALUES (346, 2, 101, 62300, 301, N'General fund-Retirement contributions-Public works administration', CAST(400.20 AS Decimal(18, 2)), CAST(29.39 AS Decimal(18, 2)), CAST(0.00 AS Decimal(18, 2)), CAST(429.59 AS Decimal(18, 2)))
INSERT [dbo].[ReportTrialBalance] ([Id], [SubCategoryId], [Fund], [MainAccount], [Division], [Name], [OpeningBalance], [Debit], [Credit], [ClosingBalance]) VALUES (347, 2, 101, 62300, 302, N'General fund-Retirement contributions-Public works operations', CAST(116.64 AS Decimal(18, 2)), CAST(11.76 AS Decimal(18, 2)), CAST(0.00 AS Decimal(18, 2)), CAST(128.40 AS Decimal(18, 2)))
INSERT [dbo].[ReportTrialBalance] ([Id], [SubCategoryId], [Fund], [MainAccount], [Division], [Name], [OpeningBalance], [Debit], [Credit], [ClosingBalance]) VALUES (348, 2, 101, 62300, 304, N'General fund-Retirement contributions-Customer services', CAST(325.11 AS Decimal(18, 2)), CAST(23.88 AS Decimal(18, 2)), CAST(0.00 AS Decimal(18, 2)), CAST(348.99 AS Decimal(18, 2)))
INSERT [dbo].[ReportTrialBalance] ([Id], [SubCategoryId], [Fund], [MainAccount], [Division], [Name], [OpeningBalance], [Debit], [Credit], [ClosingBalance]) VALUES (349, 2, 101, 62500, 121, N'General fund-Unemployment compensation-Mayor', CAST(4550.11 AS Decimal(18, 2)), CAST(199.84 AS Decimal(18, 2)), CAST(0.00 AS Decimal(18, 2)), CAST(4749.95 AS Decimal(18, 2)))
INSERT [dbo].[ReportTrialBalance] ([Id], [SubCategoryId], [Fund], [MainAccount], [Division], [Name], [OpeningBalance], [Debit], [Credit], [ClosingBalance]) VALUES (350, 2, 101, 62500, 131, N'General fund-Unemployment compensation-City administrator', CAST(2746.54 AS Decimal(18, 2)), CAST(63.74 AS Decimal(18, 2)), CAST(0.00 AS Decimal(18, 2)), CAST(2810.28 AS Decimal(18, 2)))
INSERT [dbo].[ReportTrialBalance] ([Id], [SubCategoryId], [Fund], [MainAccount], [Division], [Name], [OpeningBalance], [Debit], [Credit], [ClosingBalance]) VALUES (351, 2, 101, 62500, 141, N'General fund-Unemployment compensation-Personnel administration', CAST(4010.59 AS Decimal(18, 2)), CAST(157.28 AS Decimal(18, 2)), CAST(0.00 AS Decimal(18, 2)), CAST(4167.87 AS Decimal(18, 2)))
INSERT [dbo].[ReportTrialBalance] ([Id], [SubCategoryId], [Fund], [MainAccount], [Division], [Name], [OpeningBalance], [Debit], [Credit], [ClosingBalance]) VALUES (352, 2, 101, 62500, 142, N'General fund-Unemployment compensation-Staffing and recruitment', CAST(1175.07 AS Decimal(18, 2)), CAST(86.30 AS Decimal(18, 2)), CAST(0.00 AS Decimal(18, 2)), CAST(1261.37 AS Decimal(18, 2)))
INSERT [dbo].[ReportTrialBalance] ([Id], [SubCategoryId], [Fund], [MainAccount], [Division], [Name], [OpeningBalance], [Debit], [Credit], [ClosingBalance]) VALUES (353, 2, 101, 62500, 143, N'General fund-Unemployment compensation-Training and development', CAST(1117.07 AS Decimal(18, 2)), CAST(82.05 AS Decimal(18, 2)), CAST(0.00 AS Decimal(18, 2)), CAST(1199.12 AS Decimal(18, 2)))
INSERT [dbo].[ReportTrialBalance] ([Id], [SubCategoryId], [Fund], [MainAccount], [Division], [Name], [OpeningBalance], [Debit], [Credit], [ClosingBalance]) VALUES (354, 2, 101, 62500, 144, N'General fund-Unemployment compensation-Compensation and benefits', CAST(1552.72 AS Decimal(18, 2)), CAST(114.04 AS Decimal(18, 2)), CAST(0.00 AS Decimal(18, 2)), CAST(1666.76 AS Decimal(18, 2)))
INSERT [dbo].[ReportTrialBalance] ([Id], [SubCategoryId], [Fund], [MainAccount], [Division], [Name], [OpeningBalance], [Debit], [Credit], [ClosingBalance]) VALUES (355, 2, 101, 62500, 151, N'General fund-Unemployment compensation-Finance administration', CAST(4968.05 AS Decimal(18, 2)), CAST(227.28 AS Decimal(18, 2)), CAST(0.00 AS Decimal(18, 2)), CAST(5195.33 AS Decimal(18, 2)))
INSERT [dbo].[ReportTrialBalance] ([Id], [SubCategoryId], [Fund], [MainAccount], [Division], [Name], [OpeningBalance], [Debit], [Credit], [ClosingBalance]) VALUES (356, 2, 101, 62500, 152, N'General fund-Unemployment compensation-Accounting', CAST(7050.12 AS Decimal(18, 2)), CAST(522.34 AS Decimal(18, 2)), CAST(0.00 AS Decimal(18, 2)), CAST(7572.46 AS Decimal(18, 2)))
INSERT [dbo].[ReportTrialBalance] ([Id], [SubCategoryId], [Fund], [MainAccount], [Division], [Name], [OpeningBalance], [Debit], [Credit], [ClosingBalance]) VALUES (357, 2, 101, 62500, 153, N'General fund-Unemployment compensation-Budget', CAST(2833.49 AS Decimal(18, 2)), CAST(208.81 AS Decimal(18, 2)), CAST(0.00 AS Decimal(18, 2)), CAST(3042.30 AS Decimal(18, 2)))
INSERT [dbo].[ReportTrialBalance] ([Id], [SubCategoryId], [Fund], [MainAccount], [Division], [Name], [OpeningBalance], [Debit], [Credit], [ClosingBalance]) VALUES (358, 2, 101, 62500, 154, N'General fund-Unemployment compensation-Treasury and revenue', CAST(1679.89 AS Decimal(18, 2)), CAST(126.00 AS Decimal(18, 2)), CAST(0.00 AS Decimal(18, 2)), CAST(1805.89 AS Decimal(18, 2)))
INSERT [dbo].[ReportTrialBalance] ([Id], [SubCategoryId], [Fund], [MainAccount], [Division], [Name], [OpeningBalance], [Debit], [Credit], [ClosingBalance]) VALUES (359, 2, 101, 62500, 155, N'General fund-Unemployment compensation-Purchasing', CAST(2630.15 AS Decimal(18, 2)), CAST(193.17 AS Decimal(18, 2)), CAST(0.00 AS Decimal(18, 2)), CAST(2823.32 AS Decimal(18, 2)))
INSERT [dbo].[ReportTrialBalance] ([Id], [SubCategoryId], [Fund], [MainAccount], [Division], [Name], [OpeningBalance], [Debit], [Credit], [ClosingBalance]) VALUES (360, 2, 101, 62500, 156, N'General fund-Unemployment compensation-Payroll', CAST(1145.83 AS Decimal(18, 2)), CAST(84.16 AS Decimal(18, 2)), CAST(0.00 AS Decimal(18, 2)), CAST(1229.99 AS Decimal(18, 2)))
INSERT [dbo].[ReportTrialBalance] ([Id], [SubCategoryId], [Fund], [MainAccount], [Division], [Name], [OpeningBalance], [Debit], [Credit], [ClosingBalance]) VALUES (361, 2, 101, 62500, 157, N'General fund-Unemployment compensation-Information technology', CAST(3112.38 AS Decimal(18, 2)), CAST(218.76 AS Decimal(18, 2)), CAST(0.00 AS Decimal(18, 2)), CAST(3331.14 AS Decimal(18, 2)))
INSERT [dbo].[ReportTrialBalance] ([Id], [SubCategoryId], [Fund], [MainAccount], [Division], [Name], [OpeningBalance], [Debit], [Credit], [ClosingBalance]) VALUES (362, 2, 101, 62500, 211, N'General fund-Unemployment compensation-Police administration', CAST(1873.53 AS Decimal(18, 2)), CAST(0.00 AS Decimal(18, 2)), CAST(0.00 AS Decimal(18, 2)), CAST(1873.53 AS Decimal(18, 2)))
INSERT [dbo].[ReportTrialBalance] ([Id], [SubCategoryId], [Fund], [MainAccount], [Division], [Name], [OpeningBalance], [Debit], [Credit], [ClosingBalance]) VALUES (363, 2, 101, 62500, 212, N'General fund-Unemployment compensation-Police investigation', CAST(5007.16 AS Decimal(18, 2)), CAST(389.99 AS Decimal(18, 2)), CAST(0.00 AS Decimal(18, 2)), CAST(5397.15 AS Decimal(18, 2)))
INSERT [dbo].[ReportTrialBalance] ([Id], [SubCategoryId], [Fund], [MainAccount], [Division], [Name], [OpeningBalance], [Debit], [Credit], [ClosingBalance]) VALUES (364, 2, 101, 62500, 221, N'General fund-Unemployment compensation-Fire administration', CAST(1873.53 AS Decimal(18, 2)), CAST(0.00 AS Decimal(18, 2)), CAST(0.00 AS Decimal(18, 2)), CAST(1873.53 AS Decimal(18, 2)))
INSERT [dbo].[ReportTrialBalance] ([Id], [SubCategoryId], [Fund], [MainAccount], [Division], [Name], [OpeningBalance], [Debit], [Credit], [ClosingBalance]) VALUES (365, 2, 101, 62500, 223, N'General fund-Unemployment compensation-Fire prevention', CAST(5413.85 AS Decimal(18, 2)), CAST(188.06 AS Decimal(18, 2)), CAST(0.00 AS Decimal(18, 2)), CAST(5601.91 AS Decimal(18, 2)))
INSERT [dbo].[ReportTrialBalance] ([Id], [SubCategoryId], [Fund], [MainAccount], [Division], [Name], [OpeningBalance], [Debit], [Credit], [ClosingBalance]) VALUES (366, 2, 101, 62500, 301, N'General fund-Unemployment compensation-Public works administration', CAST(186.99 AS Decimal(18, 2)), CAST(0.00 AS Decimal(18, 2)), CAST(0.00 AS Decimal(18, 2)), CAST(186.99 AS Decimal(18, 2)))
INSERT [dbo].[ReportTrialBalance] ([Id], [SubCategoryId], [Fund], [MainAccount], [Division], [Name], [OpeningBalance], [Debit], [Credit], [ClosingBalance]) VALUES (367, 2, 101, 62500, 302, N'General fund-Unemployment compensation-Public works operations', CAST(170.87 AS Decimal(18, 2)), CAST(14.32 AS Decimal(18, 2)), CAST(0.00 AS Decimal(18, 2)), CAST(185.19 AS Decimal(18, 2)))
INSERT [dbo].[ReportTrialBalance] ([Id], [SubCategoryId], [Fund], [MainAccount], [Division], [Name], [OpeningBalance], [Debit], [Credit], [ClosingBalance]) VALUES (368, 2, 101, 62500, 304, N'General fund-Unemployment compensation-Customer services', CAST(202.95 AS Decimal(18, 2)), CAST(14.91 AS Decimal(18, 2)), CAST(0.00 AS Decimal(18, 2)), CAST(217.86 AS Decimal(18, 2)))
INSERT [dbo].[ReportTrialBalance] ([Id], [SubCategoryId], [Fund], [MainAccount], [Division], [Name], [OpeningBalance], [Debit], [Credit], [ClosingBalance]) VALUES (369, 2, 101, 62500, 510, N'General fund-Unemployment compensation-Parks and Rec administration', CAST(1817.00 AS Decimal(18, 2)), CAST(50.92 AS Decimal(18, 2)), CAST(0.00 AS Decimal(18, 2)), CAST(1867.92 AS Decimal(18, 2)))
INSERT [dbo].[ReportTrialBalance] ([Id], [SubCategoryId], [Fund], [MainAccount], [Division], [Name], [OpeningBalance], [Debit], [Credit], [ClosingBalance]) VALUES (370, 2, 101, 62500, 511, N'General fund-Unemployment compensation-Parks', CAST(867.80 AS Decimal(18, 2)), CAST(63.74 AS Decimal(18, 2)), CAST(0.00 AS Decimal(18, 2)), CAST(931.54 AS Decimal(18, 2)))
INSERT [dbo].[ReportTrialBalance] ([Id], [SubCategoryId], [Fund], [MainAccount], [Division], [Name], [OpeningBalance], [Debit], [Credit], [ClosingBalance]) VALUES (371, 2, 101, 62600, 121, N'General fund-Workers'' compensation-Mayor', CAST(89.71 AS Decimal(18, 2)), CAST(80.83 AS Decimal(18, 2)), CAST(0.00 AS Decimal(18, 2)), CAST(170.54 AS Decimal(18, 2)))
INSERT [dbo].[ReportTrialBalance] ([Id], [SubCategoryId], [Fund], [MainAccount], [Division], [Name], [OpeningBalance], [Debit], [Credit], [ClosingBalance]) VALUES (372, 2, 101, 62600, 131, N'General fund-Workers'' compensation-City administrator', CAST(71.47 AS Decimal(18, 2)), CAST(64.39 AS Decimal(18, 2)), CAST(0.00 AS Decimal(18, 2)), CAST(135.86 AS Decimal(18, 2)))
INSERT [dbo].[ReportTrialBalance] ([Id], [SubCategoryId], [Fund], [MainAccount], [Division], [Name], [OpeningBalance], [Debit], [Credit], [ClosingBalance]) VALUES (373, 2, 101, 62600, 141, N'General fund-Workers'' compensation-Personnel administration', CAST(86.29 AS Decimal(18, 2)), CAST(77.75 AS Decimal(18, 2)), CAST(0.00 AS Decimal(18, 2)), CAST(164.04 AS Decimal(18, 2)))
INSERT [dbo].[ReportTrialBalance] ([Id], [SubCategoryId], [Fund], [MainAccount], [Division], [Name], [OpeningBalance], [Debit], [Credit], [ClosingBalance]) VALUES (374, 2, 101, 62600, 142, N'General fund-Workers'' compensation-Staffing and recruitment', CAST(21.84 AS Decimal(18, 2)), CAST(19.67 AS Decimal(18, 2)), CAST(0.00 AS Decimal(18, 2)), CAST(41.51 AS Decimal(18, 2)))
INSERT [dbo].[ReportTrialBalance] ([Id], [SubCategoryId], [Fund], [MainAccount], [Division], [Name], [OpeningBalance], [Debit], [Credit], [ClosingBalance]) VALUES (375, 2, 101, 62600, 143, N'General fund-Workers'' compensation-Training and development', CAST(20.77 AS Decimal(18, 2)), CAST(18.71 AS Decimal(18, 2)), CAST(0.00 AS Decimal(18, 2)), CAST(39.48 AS Decimal(18, 2)))
INSERT [dbo].[ReportTrialBalance] ([Id], [SubCategoryId], [Fund], [MainAccount], [Division], [Name], [OpeningBalance], [Debit], [Credit], [ClosingBalance]) VALUES (376, 2, 101, 62600, 144, N'General fund-Workers'' compensation-Compensation and benefits', CAST(28.87 AS Decimal(18, 2)), CAST(26.01 AS Decimal(18, 2)), CAST(0.00 AS Decimal(18, 2)), CAST(54.88 AS Decimal(18, 2)))
INSERT [dbo].[ReportTrialBalance] ([Id], [SubCategoryId], [Fund], [MainAccount], [Division], [Name], [OpeningBalance], [Debit], [Credit], [ClosingBalance]) VALUES (377, 2, 101, 62600, 151, N'General fund-Workers'' compensation-Finance administration', CAST(84.86 AS Decimal(18, 2)), CAST(76.46 AS Decimal(18, 2)), CAST(0.00 AS Decimal(18, 2)), CAST(161.32 AS Decimal(18, 2)))
INSERT [dbo].[ReportTrialBalance] ([Id], [SubCategoryId], [Fund], [MainAccount], [Division], [Name], [OpeningBalance], [Debit], [Credit], [ClosingBalance]) VALUES (378, 2, 101, 62600, 152, N'General fund-Workers'' compensation-Accounting', CAST(132.19 AS Decimal(18, 2)), CAST(119.10 AS Decimal(18, 2)), CAST(0.00 AS Decimal(18, 2)), CAST(251.29 AS Decimal(18, 2)))
INSERT [dbo].[ReportTrialBalance] ([Id], [SubCategoryId], [Fund], [MainAccount], [Division], [Name], [OpeningBalance], [Debit], [Credit], [ClosingBalance]) VALUES (379, 2, 101, 62600, 153, N'General fund-Workers'' compensation-Budget', CAST(31.01 AS Decimal(18, 2)), CAST(27.94 AS Decimal(18, 2)), CAST(0.00 AS Decimal(18, 2)), CAST(58.95 AS Decimal(18, 2)))
INSERT [dbo].[ReportTrialBalance] ([Id], [SubCategoryId], [Fund], [MainAccount], [Division], [Name], [OpeningBalance], [Debit], [Credit], [ClosingBalance]) VALUES (380, 2, 101, 62600, 154, N'General fund-Workers'' compensation-Treasury and revenue', CAST(31.88 AS Decimal(18, 2)), CAST(28.72 AS Decimal(18, 2)), CAST(0.00 AS Decimal(18, 2)), CAST(60.60 AS Decimal(18, 2)))
INSERT [dbo].[ReportTrialBalance] ([Id], [SubCategoryId], [Fund], [MainAccount], [Division], [Name], [OpeningBalance], [Debit], [Credit], [ClosingBalance]) VALUES (381, 2, 101, 62600, 155, N'General fund-Workers'' compensation-Purchasing', CAST(48.88 AS Decimal(18, 2)), CAST(44.04 AS Decimal(18, 2)), CAST(0.00 AS Decimal(18, 2)), CAST(92.92 AS Decimal(18, 2)))
INSERT [dbo].[ReportTrialBalance] ([Id], [SubCategoryId], [Fund], [MainAccount], [Division], [Name], [OpeningBalance], [Debit], [Credit], [ClosingBalance]) VALUES (382, 2, 101, 62600, 156, N'General fund-Workers'' compensation-Payroll', CAST(21.29 AS Decimal(18, 2)), CAST(19.18 AS Decimal(18, 2)), CAST(0.00 AS Decimal(18, 2)), CAST(40.47 AS Decimal(18, 2)))
INSERT [dbo].[ReportTrialBalance] ([Id], [SubCategoryId], [Fund], [MainAccount], [Division], [Name], [OpeningBalance], [Debit], [Credit], [ClosingBalance]) VALUES (383, 2, 101, 62600, 157, N'General fund-Workers'' compensation-Information technology', CAST(59.97 AS Decimal(18, 2)), CAST(54.04 AS Decimal(18, 2)), CAST(0.00 AS Decimal(18, 2)), CAST(114.01 AS Decimal(18, 2)))
INSERT [dbo].[ReportTrialBalance] ([Id], [SubCategoryId], [Fund], [MainAccount], [Division], [Name], [OpeningBalance], [Debit], [Credit], [ClosingBalance]) VALUES (384, 2, 101, 62600, 211, N'General fund-Workers'' compensation-Police administration', CAST(50.92 AS Decimal(18, 2)), CAST(45.88 AS Decimal(18, 2)), CAST(0.00 AS Decimal(18, 2)), CAST(96.80 AS Decimal(18, 2)))
INSERT [dbo].[ReportTrialBalance] ([Id], [SubCategoryId], [Fund], [MainAccount], [Division], [Name], [OpeningBalance], [Debit], [Credit], [ClosingBalance]) VALUES (385, 2, 101, 62600, 212, N'General fund-Workers'' compensation-Police investigation', CAST(67.69 AS Decimal(18, 2)), CAST(60.99 AS Decimal(18, 2)), CAST(0.00 AS Decimal(18, 2)), CAST(128.68 AS Decimal(18, 2)))
INSERT [dbo].[ReportTrialBalance] ([Id], [SubCategoryId], [Fund], [MainAccount], [Division], [Name], [OpeningBalance], [Debit], [Credit], [ClosingBalance]) VALUES (386, 2, 101, 62600, 221, N'General fund-Workers'' compensation-Fire administration', CAST(50.92 AS Decimal(18, 2)), CAST(45.88 AS Decimal(18, 2)), CAST(0.00 AS Decimal(18, 2)), CAST(96.80 AS Decimal(18, 2)))
INSERT [dbo].[ReportTrialBalance] ([Id], [SubCategoryId], [Fund], [MainAccount], [Division], [Name], [OpeningBalance], [Debit], [Credit], [ClosingBalance]) VALUES (387, 2, 101, 62600, 223, N'General fund-Workers'' compensation-Fire prevention', CAST(111.30 AS Decimal(18, 2)), CAST(100.28 AS Decimal(18, 2)), CAST(0.00 AS Decimal(18, 2)), CAST(211.58 AS Decimal(18, 2)))
INSERT [dbo].[ReportTrialBalance] ([Id], [SubCategoryId], [Fund], [MainAccount], [Division], [Name], [OpeningBalance], [Debit], [Credit], [ClosingBalance]) VALUES (388, 2, 101, 62600, 301, N'General fund-Workers'' compensation-Public works administration', CAST(4.65 AS Decimal(18, 2)), CAST(4.19 AS Decimal(18, 2)), CAST(0.00 AS Decimal(18, 2)), CAST(8.84 AS Decimal(18, 2)))
INSERT [dbo].[ReportTrialBalance] ([Id], [SubCategoryId], [Fund], [MainAccount], [Division], [Name], [OpeningBalance], [Debit], [Credit], [ClosingBalance]) VALUES (389, 2, 101, 62600, 302, N'General fund-Workers'' compensation-Public works operations', CAST(1.96 AS Decimal(18, 2)), CAST(1.77 AS Decimal(18, 2)), CAST(0.00 AS Decimal(18, 2)), CAST(3.73 AS Decimal(18, 2)))
INSERT [dbo].[ReportTrialBalance] ([Id], [SubCategoryId], [Fund], [MainAccount], [Division], [Name], [OpeningBalance], [Debit], [Credit], [ClosingBalance]) VALUES (390, 2, 101, 62600, 304, N'General fund-Workers'' compensation-Customer services', CAST(3.74 AS Decimal(18, 2)), CAST(3.37 AS Decimal(18, 2)), CAST(0.00 AS Decimal(18, 2)), CAST(7.11 AS Decimal(18, 2)))
INSERT [dbo].[ReportTrialBalance] ([Id], [SubCategoryId], [Fund], [MainAccount], [Division], [Name], [OpeningBalance], [Debit], [Credit], [ClosingBalance]) VALUES (391, 2, 101, 62600, 510, N'General fund-Workers'' compensation-Parks and Rec administration', CAST(37.63 AS Decimal(18, 2)), CAST(33.91 AS Decimal(18, 2)), CAST(0.00 AS Decimal(18, 2)), CAST(71.54 AS Decimal(18, 2)))
INSERT [dbo].[ReportTrialBalance] ([Id], [SubCategoryId], [Fund], [MainAccount], [Division], [Name], [OpeningBalance], [Debit], [Credit], [ClosingBalance]) VALUES (392, 2, 101, 62600, 511, N'General fund-Workers'' compensation-Parks', CAST(16.12 AS Decimal(18, 2)), CAST(14.52 AS Decimal(18, 2)), CAST(0.00 AS Decimal(18, 2)), CAST(30.64 AS Decimal(18, 2)))
INSERT [dbo].[ReportTrialBalance] ([Id], [SubCategoryId], [Fund], [MainAccount], [Division], [Name], [OpeningBalance], [Debit], [Credit], [ClosingBalance]) VALUES (393, 2, 101, 62703, 221, N'General fund-Union Dues (employer paid)-Fire administration', CAST(1239.00 AS Decimal(18, 2)), CAST(91.00 AS Decimal(18, 2)), CAST(0.00 AS Decimal(18, 2)), CAST(1330.00 AS Decimal(18, 2)))
INSERT [dbo].[ReportTrialBalance] ([Id], [SubCategoryId], [Fund], [MainAccount], [Division], [Name], [OpeningBalance], [Debit], [Credit], [ClosingBalance]) VALUES (394, 2, 101, 62703, 223, N'General fund-Union Dues (employer paid)-Fire prevention', CAST(2986.50 AS Decimal(18, 2)), CAST(273.00 AS Decimal(18, 2)), CAST(0.00 AS Decimal(18, 2)), CAST(3259.50 AS Decimal(18, 2)))
INSERT [dbo].[ReportTrialBalance] ([Id], [SubCategoryId], [Fund], [MainAccount], [Division], [Name], [OpeningBalance], [Debit], [Credit], [ClosingBalance]) VALUES (395, 2, 101, 63400, 121, N'General fund-Technical-Mayor', CAST(7665.71 AS Decimal(18, 2)), CAST(700.38 AS Decimal(18, 2)), CAST(0.00 AS Decimal(18, 2)), CAST(8366.09 AS Decimal(18, 2)))
INSERT [dbo].[ReportTrialBalance] ([Id], [SubCategoryId], [Fund], [MainAccount], [Division], [Name], [OpeningBalance], [Debit], [Credit], [ClosingBalance]) VALUES (396, 2, 101, 63400, 131, N'General fund-Technical-City administrator', CAST(6138.85 AS Decimal(18, 2)), CAST(560.88 AS Decimal(18, 2)), CAST(0.00 AS Decimal(18, 2)), CAST(6699.73 AS Decimal(18, 2)))
INSERT [dbo].[ReportTrialBalance] ([Id], [SubCategoryId], [Fund], [MainAccount], [Division], [Name], [OpeningBalance], [Debit], [Credit], [ClosingBalance]) VALUES (397, 2, 101, 63400, 141, N'General fund-Technical-Personnel administration', CAST(7550.67 AS Decimal(18, 2)), CAST(689.87 AS Decimal(18, 2)), CAST(0.00 AS Decimal(18, 2)), CAST(8240.54 AS Decimal(18, 2)))
INSERT [dbo].[ReportTrialBalance] ([Id], [SubCategoryId], [Fund], [MainAccount], [Division], [Name], [OpeningBalance], [Debit], [Credit], [ClosingBalance]) VALUES (398, 2, 101, 63400, 142, N'General fund-Technical-Staffing and recruitment', CAST(2143.89 AS Decimal(18, 2)), CAST(195.88 AS Decimal(18, 2)), CAST(0.00 AS Decimal(18, 2)), CAST(2339.77 AS Decimal(18, 2)))
INSERT [dbo].[ReportTrialBalance] ([Id], [SubCategoryId], [Fund], [MainAccount], [Division], [Name], [OpeningBalance], [Debit], [Credit], [ClosingBalance]) VALUES (399, 2, 101, 63400, 143, N'General fund-Technical-Training and development', CAST(1756.94 AS Decimal(18, 2)), CAST(160.52 AS Decimal(18, 2)), CAST(0.00 AS Decimal(18, 2)), CAST(1917.46 AS Decimal(18, 2)))
INSERT [dbo].[ReportTrialBalance] ([Id], [SubCategoryId], [Fund], [MainAccount], [Division], [Name], [OpeningBalance], [Debit], [Credit], [ClosingBalance]) VALUES (400, 2, 101, 63400, 144, N'General fund-Technical-Compensation and benefits', CAST(2614.54 AS Decimal(18, 2)), CAST(238.88 AS Decimal(18, 2)), CAST(0.00 AS Decimal(18, 2)), CAST(2853.42 AS Decimal(18, 2)))
INSERT [dbo].[ReportTrialBalance] ([Id], [SubCategoryId], [Fund], [MainAccount], [Division], [Name], [OpeningBalance], [Debit], [Credit], [ClosingBalance]) VALUES (401, 2, 101, 63400, 151, N'General fund-Technical-Finance administration', CAST(9673.65 AS Decimal(18, 2)), CAST(883.84 AS Decimal(18, 2)), CAST(0.00 AS Decimal(18, 2)), CAST(10557.49 AS Decimal(18, 2)))
INSERT [dbo].[ReportTrialBalance] ([Id], [SubCategoryId], [Fund], [MainAccount], [Division], [Name], [OpeningBalance], [Debit], [Credit], [ClosingBalance]) VALUES (402, 2, 101, 63400, 152, N'General fund-Technical-Accounting', CAST(11849.31 AS Decimal(18, 2)), CAST(1082.62 AS Decimal(18, 2)), CAST(0.00 AS Decimal(18, 2)), CAST(12931.93 AS Decimal(18, 2)))
INSERT [dbo].[ReportTrialBalance] ([Id], [SubCategoryId], [Fund], [MainAccount], [Division], [Name], [OpeningBalance], [Debit], [Credit], [ClosingBalance]) VALUES (403, 2, 101, 63400, 153, N'General fund-Technical-Budget', CAST(4611.98 AS Decimal(18, 2)), CAST(421.38 AS Decimal(18, 2)), CAST(0.00 AS Decimal(18, 2)), CAST(5033.36 AS Decimal(18, 2)))
INSERT [dbo].[ReportTrialBalance] ([Id], [SubCategoryId], [Fund], [MainAccount], [Division], [Name], [OpeningBalance], [Debit], [Credit], [ClosingBalance]) VALUES (404, 2, 101, 63400, 154, N'General fund-Technical-Treasury and revenue', CAST(2980.53 AS Decimal(18, 2)), CAST(272.32 AS Decimal(18, 2)), CAST(0.00 AS Decimal(18, 2)), CAST(3252.85 AS Decimal(18, 2)))
INSERT [dbo].[ReportTrialBalance] ([Id], [SubCategoryId], [Fund], [MainAccount], [Division], [Name], [OpeningBalance], [Debit], [Credit], [ClosingBalance]) VALUES (405, 2, 101, 63400, 155, N'General fund-Technical-Purchasing', CAST(4611.98 AS Decimal(18, 2)), CAST(421.38 AS Decimal(18, 2)), CAST(0.00 AS Decimal(18, 2)), CAST(5033.36 AS Decimal(18, 2)))
INSERT [dbo].[ReportTrialBalance] ([Id], [SubCategoryId], [Fund], [MainAccount], [Division], [Name], [OpeningBalance], [Debit], [Credit], [ClosingBalance]) VALUES (406, 2, 101, 63400, 156, N'General fund-Technical-Payroll', CAST(1756.94 AS Decimal(18, 2)), CAST(160.52 AS Decimal(18, 2)), CAST(0.00 AS Decimal(18, 2)), CAST(1917.46 AS Decimal(18, 2)))
INSERT [dbo].[ReportTrialBalance] ([Id], [SubCategoryId], [Fund], [MainAccount], [Division], [Name], [OpeningBalance], [Debit], [Credit], [ClosingBalance]) VALUES (407, 2, 101, 63400, 157, N'General fund-Technical-Information technology', CAST(5302.21 AS Decimal(18, 2)), CAST(484.44 AS Decimal(18, 2)), CAST(0.00 AS Decimal(18, 2)), CAST(5786.65 AS Decimal(18, 2)))
INSERT [dbo].[ReportTrialBalance] ([Id], [SubCategoryId], [Fund], [MainAccount], [Division], [Name], [OpeningBalance], [Debit], [Credit], [ClosingBalance]) VALUES (408, 2, 101, 63400, 211, N'General fund-Technical-Police administration', CAST(4204.11 AS Decimal(18, 2)), CAST(384.11 AS Decimal(18, 2)), CAST(0.00 AS Decimal(18, 2)), CAST(4588.22 AS Decimal(18, 2)))
INSERT [dbo].[ReportTrialBalance] ([Id], [SubCategoryId], [Fund], [MainAccount], [Division], [Name], [OpeningBalance], [Debit], [Credit], [ClosingBalance]) VALUES (409, 2, 101, 63400, 212, N'General fund-Technical-Police investigation', CAST(5772.82 AS Decimal(18, 2)), CAST(527.44 AS Decimal(18, 2)), CAST(0.00 AS Decimal(18, 2)), CAST(6300.26 AS Decimal(18, 2)))
INSERT [dbo].[ReportTrialBalance] ([Id], [SubCategoryId], [Fund], [MainAccount], [Division], [Name], [OpeningBalance], [Debit], [Credit], [ClosingBalance]) VALUES (410, 2, 101, 63400, 221, N'General fund-Technical-Fire administration', CAST(4256.41 AS Decimal(18, 2)), CAST(388.89 AS Decimal(18, 2)), CAST(0.00 AS Decimal(18, 2)), CAST(4645.30 AS Decimal(18, 2)))
INSERT [dbo].[ReportTrialBalance] ([Id], [SubCategoryId], [Fund], [MainAccount], [Division], [Name], [OpeningBalance], [Debit], [Credit], [ClosingBalance]) VALUES (411, 2, 101, 63400, 223, N'General fund-Technical-Fire prevention', CAST(6274.80 AS Decimal(18, 2)), CAST(573.30 AS Decimal(18, 2)), CAST(0.00 AS Decimal(18, 2)), CAST(6848.10 AS Decimal(18, 2)))
INSERT [dbo].[ReportTrialBalance] ([Id], [SubCategoryId], [Fund], [MainAccount], [Division], [Name], [OpeningBalance], [Debit], [Credit], [ClosingBalance]) VALUES (412, 2, 101, 63400, 301, N'General fund-Technical-Public works administration', CAST(376.48 AS Decimal(18, 2)), CAST(34.40 AS Decimal(18, 2)), CAST(0.00 AS Decimal(18, 2)), CAST(410.88 AS Decimal(18, 2)))
INSERT [dbo].[ReportTrialBalance] ([Id], [SubCategoryId], [Fund], [MainAccount], [Division], [Name], [OpeningBalance], [Debit], [Credit], [ClosingBalance]) VALUES (413, 2, 101, 63400, 302, N'General fund-Technical-Public works operations', CAST(166.93 AS Decimal(18, 2)), CAST(15.25 AS Decimal(18, 2)), CAST(0.00 AS Decimal(18, 2)), CAST(182.18 AS Decimal(18, 2)))
INSERT [dbo].[ReportTrialBalance] ([Id], [SubCategoryId], [Fund], [MainAccount], [Division], [Name], [OpeningBalance], [Debit], [Credit], [ClosingBalance]) VALUES (414, 2, 101, 63400, 304, N'General fund-Technical-Customer services', CAST(334.66 AS Decimal(18, 2)), CAST(30.58 AS Decimal(18, 2)), CAST(0.00 AS Decimal(18, 2)), CAST(365.24 AS Decimal(18, 2)))
INSERT [dbo].[ReportTrialBalance] ([Id], [SubCategoryId], [Fund], [MainAccount], [Division], [Name], [OpeningBalance], [Debit], [Credit], [ClosingBalance]) VALUES (415, 2, 101, 63400, 510, N'General fund-Technical-Parks and Rec administration', CAST(3032.86 AS Decimal(18, 2)), CAST(277.10 AS Decimal(18, 2)), CAST(0.00 AS Decimal(18, 2)), CAST(3309.96 AS Decimal(18, 2)))
INSERT [dbo].[ReportTrialBalance] ([Id], [SubCategoryId], [Fund], [MainAccount], [Division], [Name], [OpeningBalance], [Debit], [Credit], [ClosingBalance]) VALUES (416, 2, 101, 63400, 511, N'General fund-Technical-Parks', CAST(1715.12 AS Decimal(18, 2)), CAST(156.70 AS Decimal(18, 2)), CAST(0.00 AS Decimal(18, 2)), CAST(1871.82 AS Decimal(18, 2)))
INSERT [dbo].[ReportTrialBalance] ([Id], [SubCategoryId], [Fund], [MainAccount], [Division], [Name], [OpeningBalance], [Debit], [Credit], [ClosingBalance]) VALUES (417, 2, 101, 66100, 121, N'General fund-General supplies-Mayor', CAST(33493.99 AS Decimal(18, 2)), CAST(4341.49 AS Decimal(18, 2)), CAST(0.00 AS Decimal(18, 2)), CAST(37835.48 AS Decimal(18, 2)))
INSERT [dbo].[ReportTrialBalance] ([Id], [SubCategoryId], [Fund], [MainAccount], [Division], [Name], [OpeningBalance], [Debit], [Credit], [ClosingBalance]) VALUES (418, 2, 101, 66100, 131, N'General fund-General supplies-City administrator', CAST(26822.38 AS Decimal(18, 2)), CAST(3476.71 AS Decimal(18, 2)), CAST(0.00 AS Decimal(18, 2)), CAST(30299.09 AS Decimal(18, 2)))
INSERT [dbo].[ReportTrialBalance] ([Id], [SubCategoryId], [Fund], [MainAccount], [Division], [Name], [OpeningBalance], [Debit], [Credit], [ClosingBalance]) VALUES (419, 2, 101, 66100, 141, N'General fund-General supplies-Personnel administration', CAST(32991.20 AS Decimal(18, 2)), CAST(4276.32 AS Decimal(18, 2)), CAST(0.00 AS Decimal(18, 2)), CAST(37267.52 AS Decimal(18, 2)))
INSERT [dbo].[ReportTrialBalance] ([Id], [SubCategoryId], [Fund], [MainAccount], [Division], [Name], [OpeningBalance], [Debit], [Credit], [ClosingBalance]) VALUES (420, 2, 101, 66100, 142, N'General fund-General supplies-Staffing and recruitment', CAST(9367.28 AS Decimal(18, 2)), CAST(1214.19 AS Decimal(18, 2)), CAST(0.00 AS Decimal(18, 2)), CAST(10581.47 AS Decimal(18, 2)))
INSERT [dbo].[ReportTrialBalance] ([Id], [SubCategoryId], [Fund], [MainAccount], [Division], [Name], [OpeningBalance], [Debit], [Credit], [ClosingBalance]) VALUES (421, 2, 101, 66100, 143, N'General fund-General supplies-Training and development', CAST(7676.37 AS Decimal(18, 2)), CAST(995.00 AS Decimal(18, 2)), CAST(0.00 AS Decimal(18, 2)), CAST(8671.37 AS Decimal(18, 2)))
INSERT [dbo].[ReportTrialBalance] ([Id], [SubCategoryId], [Fund], [MainAccount], [Division], [Name], [OpeningBalance], [Debit], [Credit], [ClosingBalance]) VALUES (422, 2, 101, 66100, 144, N'General fund-General supplies-Compensation and benefits', CAST(11423.92 AS Decimal(18, 2)), CAST(1480.78 AS Decimal(18, 2)), CAST(0.00 AS Decimal(18, 2)), CAST(12904.70 AS Decimal(18, 2)))
INSERT [dbo].[ReportTrialBalance] ([Id], [SubCategoryId], [Fund], [MainAccount], [Division], [Name], [OpeningBalance], [Debit], [Credit], [ClosingBalance]) VALUES (423, 2, 101, 66100, 151, N'General fund-General supplies-Finance administration', CAST(42267.15 AS Decimal(18, 2)), CAST(5478.67 AS Decimal(18, 2)), CAST(0.00 AS Decimal(18, 2)), CAST(47745.82 AS Decimal(18, 2)))
INSERT [dbo].[ReportTrialBalance] ([Id], [SubCategoryId], [Fund], [MainAccount], [Division], [Name], [OpeningBalance], [Debit], [Credit], [ClosingBalance]) VALUES (424, 2, 101, 66100, 152, N'General fund-General supplies-Accounting', CAST(51772.08 AS Decimal(18, 2)), CAST(6710.72 AS Decimal(18, 2)), CAST(0.00 AS Decimal(18, 2)), CAST(58482.80 AS Decimal(18, 2)))
INSERT [dbo].[ReportTrialBalance] ([Id], [SubCategoryId], [Fund], [MainAccount], [Division], [Name], [OpeningBalance], [Debit], [Credit], [ClosingBalance]) VALUES (425, 2, 101, 66100, 153, N'General fund-General supplies-Budget', CAST(20151.27 AS Decimal(18, 2)), CAST(2612.01 AS Decimal(18, 2)), CAST(0.00 AS Decimal(18, 2)), CAST(22763.28 AS Decimal(18, 2)))
INSERT [dbo].[ReportTrialBalance] ([Id], [SubCategoryId], [Fund], [MainAccount], [Division], [Name], [OpeningBalance], [Debit], [Credit], [ClosingBalance]) VALUES (426, 2, 101, 66100, 154, N'General fund-General supplies-Treasury and revenue', CAST(13022.60 AS Decimal(18, 2)), CAST(1687.99 AS Decimal(18, 2)), CAST(0.00 AS Decimal(18, 2)), CAST(14710.59 AS Decimal(18, 2)))
INSERT [dbo].[ReportTrialBalance] ([Id], [SubCategoryId], [Fund], [MainAccount], [Division], [Name], [OpeningBalance], [Debit], [Credit], [ClosingBalance]) VALUES (427, 2, 101, 66100, 155, N'General fund-General supplies-Purchasing', CAST(20151.27 AS Decimal(18, 2)), CAST(2612.01 AS Decimal(18, 2)), CAST(0.00 AS Decimal(18, 2)), CAST(22763.28 AS Decimal(18, 2)))
INSERT [dbo].[ReportTrialBalance] ([Id], [SubCategoryId], [Fund], [MainAccount], [Division], [Name], [OpeningBalance], [Debit], [Credit], [ClosingBalance]) VALUES (428, 2, 101, 66100, 156, N'General fund-General supplies-Payroll', CAST(7676.37 AS Decimal(18, 2)), CAST(995.00 AS Decimal(18, 2)), CAST(0.00 AS Decimal(18, 2)), CAST(8671.37 AS Decimal(18, 2)))
INSERT [dbo].[ReportTrialBalance] ([Id], [SubCategoryId], [Fund], [MainAccount], [Division], [Name], [OpeningBalance], [Debit], [Credit], [ClosingBalance]) VALUES (429, 2, 101, 66100, 157, N'General fund-General supplies-Information technology', CAST(23166.96 AS Decimal(18, 2)), CAST(3002.90 AS Decimal(18, 2)), CAST(0.00 AS Decimal(18, 2)), CAST(26169.86 AS Decimal(18, 2)))
INSERT [dbo].[ReportTrialBalance] ([Id], [SubCategoryId], [Fund], [MainAccount], [Division], [Name], [OpeningBalance], [Debit], [Credit], [ClosingBalance]) VALUES (430, 2, 101, 66100, 211, N'General fund-General supplies-Police administration', CAST(18369.13 AS Decimal(18, 2)), CAST(2381.01 AS Decimal(18, 2)), CAST(0.00 AS Decimal(18, 2)), CAST(20750.14 AS Decimal(18, 2)))
INSERT [dbo].[ReportTrialBalance] ([Id], [SubCategoryId], [Fund], [MainAccount], [Division], [Name], [OpeningBalance], [Debit], [Credit], [ClosingBalance]) VALUES (431, 2, 101, 66100, 212, N'General fund-General supplies-Police investigation', CAST(25223.00 AS Decimal(18, 2)), CAST(3269.39 AS Decimal(18, 2)), CAST(0.00 AS Decimal(18, 2)), CAST(28492.39 AS Decimal(18, 2)))
INSERT [dbo].[ReportTrialBalance] ([Id], [SubCategoryId], [Fund], [MainAccount], [Division], [Name], [OpeningBalance], [Debit], [Credit], [ClosingBalance]) VALUES (432, 2, 101, 66100, 221, N'General fund-General supplies-Fire administration', CAST(18597.51 AS Decimal(18, 2)), CAST(2410.61 AS Decimal(18, 2)), CAST(0.00 AS Decimal(18, 2)), CAST(21008.12 AS Decimal(18, 2)))
INSERT [dbo].[ReportTrialBalance] ([Id], [SubCategoryId], [Fund], [MainAccount], [Division], [Name], [OpeningBalance], [Debit], [Credit], [ClosingBalance]) VALUES (433, 2, 101, 66100, 223, N'General fund-General supplies-Fire prevention', CAST(27416.59 AS Decimal(18, 2)), CAST(3553.74 AS Decimal(18, 2)), CAST(0.00 AS Decimal(18, 2)), CAST(30970.33 AS Decimal(18, 2)))
INSERT [dbo].[ReportTrialBalance] ([Id], [SubCategoryId], [Fund], [MainAccount], [Division], [Name], [OpeningBalance], [Debit], [Credit], [ClosingBalance]) VALUES (434, 2, 101, 66100, 301, N'General fund-General supplies-Public works administration', CAST(1645.20 AS Decimal(18, 2)), CAST(213.26 AS Decimal(18, 2)), CAST(0.00 AS Decimal(18, 2)), CAST(1858.46 AS Decimal(18, 2)))
INSERT [dbo].[ReportTrialBalance] ([Id], [SubCategoryId], [Fund], [MainAccount], [Division], [Name], [OpeningBalance], [Debit], [Credit], [ClosingBalance]) VALUES (435, 2, 101, 66100, 302, N'General fund-General supplies-Public works operations', CAST(728.07 AS Decimal(18, 2)), CAST(94.35 AS Decimal(18, 2)), CAST(0.00 AS Decimal(18, 2)), CAST(822.42 AS Decimal(18, 2)))
INSERT [dbo].[ReportTrialBalance] ([Id], [SubCategoryId], [Fund], [MainAccount], [Division], [Name], [OpeningBalance], [Debit], [Credit], [ClosingBalance]) VALUES (436, 2, 101, 66100, 304, N'General fund-General supplies-Customer services', CAST(1462.53 AS Decimal(18, 2)), CAST(189.58 AS Decimal(18, 2)), CAST(0.00 AS Decimal(18, 2)), CAST(1652.11 AS Decimal(18, 2)))
INSERT [dbo].[ReportTrialBalance] ([Id], [SubCategoryId], [Fund], [MainAccount], [Division], [Name], [OpeningBalance], [Debit], [Credit], [ClosingBalance]) VALUES (437, 2, 101, 66100, 510, N'General fund-General supplies-Parks and Rec administration', CAST(13251.18 AS Decimal(18, 2)), CAST(1717.62 AS Decimal(18, 2)), CAST(0.00 AS Decimal(18, 2)), CAST(14968.80 AS Decimal(18, 2)))
INSERT [dbo].[ReportTrialBalance] ([Id], [SubCategoryId], [Fund], [MainAccount], [Division], [Name], [OpeningBalance], [Debit], [Credit], [ClosingBalance]) VALUES (438, 2, 101, 66100, 511, N'General fund-General supplies-Parks', CAST(7493.70 AS Decimal(18, 2)), CAST(971.32 AS Decimal(18, 2)), CAST(0.00 AS Decimal(18, 2)), CAST(8465.02 AS Decimal(18, 2)))
INSERT [dbo].[ReportTrialBalance] ([Id], [SubCategoryId], [Fund], [MainAccount], [Division], [Name], [OpeningBalance], [Debit], [Credit], [ClosingBalance]) VALUES (439, 1, 601, 11010, NULL, N'Water fund-Pooled Cash-', CAST(-5023.41 AS Decimal(18, 2)), CAST(0.00 AS Decimal(18, 2)), CAST(0.00 AS Decimal(18, 2)), CAST(-5023.41 AS Decimal(18, 2)))
INSERT [dbo].[ReportTrialBalance] ([Id], [SubCategoryId], [Fund], [MainAccount], [Division], [Name], [OpeningBalance], [Debit], [Credit], [ClosingBalance]) VALUES (440, 1, 601, 24240, NULL, N'Water fund-Payroll Payables-', CAST(0.00 AS Decimal(18, 2)), CAST(0.00 AS Decimal(18, 2)), CAST(0.00 AS Decimal(18, 2)), CAST(0.00 AS Decimal(18, 2)))
INSERT [dbo].[ReportTrialBalance] ([Id], [SubCategoryId], [Fund], [MainAccount], [Division], [Name], [OpeningBalance], [Debit], [Credit], [ClosingBalance]) VALUES (441, 1, 601, 24710, NULL, N'Water fund-Payroll contributions and withholdings-', CAST(0.00 AS Decimal(18, 2)), CAST(0.00 AS Decimal(18, 2)), CAST(0.00 AS Decimal(18, 2)), CAST(0.00 AS Decimal(18, 2)))
INSERT [dbo].[ReportTrialBalance] ([Id], [SubCategoryId], [Fund], [MainAccount], [Division], [Name], [OpeningBalance], [Debit], [Credit], [ClosingBalance]) VALUES (442, 2, 601, 41110, 154, N'Water fund-Property taxes - Real property-Treasury and revenue', CAST(-153828.97 AS Decimal(18, 2)), CAST(0.00 AS Decimal(18, 2)), CAST(13051.27 AS Decimal(18, 2)), CAST(-166880.24 AS Decimal(18, 2)))
INSERT [dbo].[ReportTrialBalance] ([Id], [SubCategoryId], [Fund], [MainAccount], [Division], [Name], [OpeningBalance], [Debit], [Credit], [ClosingBalance]) VALUES (443, 2, 601, 61100, 301, N'Water fund-Regular full time-Public works administration', CAST(45032.94 AS Decimal(18, 2)), CAST(3307.50 AS Decimal(18, 2)), CAST(0.00 AS Decimal(18, 2)), CAST(48340.44 AS Decimal(18, 2)))
INSERT [dbo].[ReportTrialBalance] ([Id], [SubCategoryId], [Fund], [MainAccount], [Division], [Name], [OpeningBalance], [Debit], [Credit], [ClosingBalance]) VALUES (444, 2, 601, 61100, 302, N'Water fund-Regular full time-Public works operations', CAST(30791.56 AS Decimal(18, 2)), CAST(2580.83 AS Decimal(18, 2)), CAST(0.00 AS Decimal(18, 2)), CAST(33372.39 AS Decimal(18, 2)))
INSERT [dbo].[ReportTrialBalance] ([Id], [SubCategoryId], [Fund], [MainAccount], [Division], [Name], [OpeningBalance], [Debit], [Credit], [ClosingBalance]) VALUES (445, 2, 601, 61100, 304, N'Water fund-Regular full time-Customer services', CAST(36580.73 AS Decimal(18, 2)), CAST(2686.72 AS Decimal(18, 2)), CAST(0.00 AS Decimal(18, 2)), CAST(39267.45 AS Decimal(18, 2)))
INSERT [dbo].[ReportTrialBalance] ([Id], [SubCategoryId], [Fund], [MainAccount], [Division], [Name], [OpeningBalance], [Debit], [Credit], [ClosingBalance]) VALUES (446, 2, 601, 62100, 301, N'Water fund-Group insurance-Public works administration', CAST(2274.55 AS Decimal(18, 2)), CAST(167.06 AS Decimal(18, 2)), CAST(0.00 AS Decimal(18, 2)), CAST(2441.61 AS Decimal(18, 2)))
INSERT [dbo].[ReportTrialBalance] ([Id], [SubCategoryId], [Fund], [MainAccount], [Division], [Name], [OpeningBalance], [Debit], [Credit], [ClosingBalance]) VALUES (447, 2, 601, 62100, 302, N'Water fund-Group insurance-Public works operations', CAST(2871.51 AS Decimal(18, 2)), CAST(210.90 AS Decimal(18, 2)), CAST(0.00 AS Decimal(18, 2)), CAST(3082.41 AS Decimal(18, 2)))
INSERT [dbo].[ReportTrialBalance] ([Id], [SubCategoryId], [Fund], [MainAccount], [Division], [Name], [OpeningBalance], [Debit], [Credit], [ClosingBalance]) VALUES (448, 2, 601, 62100, 304, N'Water fund-Group insurance-Customer services', CAST(5415.92 AS Decimal(18, 2)), CAST(397.78 AS Decimal(18, 2)), CAST(0.00 AS Decimal(18, 2)), CAST(5813.70 AS Decimal(18, 2)))
INSERT [dbo].[ReportTrialBalance] ([Id], [SubCategoryId], [Fund], [MainAccount], [Division], [Name], [OpeningBalance], [Debit], [Credit], [ClosingBalance]) VALUES (449, 2, 601, 62200, 301, N'Water fund-Federal Payroll Taxes-Public works administration', CAST(3404.36 AS Decimal(18, 2)), CAST(250.03 AS Decimal(18, 2)), CAST(0.00 AS Decimal(18, 2)), CAST(3654.39 AS Decimal(18, 2)))
INSERT [dbo].[ReportTrialBalance] ([Id], [SubCategoryId], [Fund], [MainAccount], [Division], [Name], [OpeningBalance], [Debit], [Credit], [ClosingBalance]) VALUES (450, 2, 601, 62200, 302, N'Water fund-Federal Payroll Taxes-Public works operations', CAST(2195.50 AS Decimal(18, 2)), CAST(185.69 AS Decimal(18, 2)), CAST(0.00 AS Decimal(18, 2)), CAST(2381.19 AS Decimal(18, 2)))
INSERT [dbo].[ReportTrialBalance] ([Id], [SubCategoryId], [Fund], [MainAccount], [Division], [Name], [OpeningBalance], [Debit], [Credit], [ClosingBalance]) VALUES (451, 2, 601, 62200, 304, N'Water fund-Federal Payroll Taxes-Customer services', CAST(2697.17 AS Decimal(18, 2)), CAST(198.11 AS Decimal(18, 2)), CAST(0.00 AS Decimal(18, 2)), CAST(2895.28 AS Decimal(18, 2)))
INSERT [dbo].[ReportTrialBalance] ([Id], [SubCategoryId], [Fund], [MainAccount], [Division], [Name], [OpeningBalance], [Debit], [Credit], [ClosingBalance]) VALUES (452, 2, 601, 62300, 301, N'Water fund-Retirement contributions-Public works administration', CAST(1801.50 AS Decimal(18, 2)), CAST(132.31 AS Decimal(18, 2)), CAST(0.00 AS Decimal(18, 2)), CAST(1933.81 AS Decimal(18, 2)))
INSERT [dbo].[ReportTrialBalance] ([Id], [SubCategoryId], [Fund], [MainAccount], [Division], [Name], [OpeningBalance], [Debit], [Credit], [ClosingBalance]) VALUES (453, 2, 601, 62300, 302, N'Water fund-Retirement contributions-Public works operations', CAST(525.43 AS Decimal(18, 2)), CAST(52.96 AS Decimal(18, 2)), CAST(0.00 AS Decimal(18, 2)), CAST(578.39 AS Decimal(18, 2)))
INSERT [dbo].[ReportTrialBalance] ([Id], [SubCategoryId], [Fund], [MainAccount], [Division], [Name], [OpeningBalance], [Debit], [Credit], [ClosingBalance]) VALUES (454, 2, 601, 62300, 304, N'Water fund-Retirement contributions-Customer services', CAST(1463.26 AS Decimal(18, 2)), CAST(107.47 AS Decimal(18, 2)), CAST(0.00 AS Decimal(18, 2)), CAST(1570.73 AS Decimal(18, 2)))
INSERT [dbo].[ReportTrialBalance] ([Id], [SubCategoryId], [Fund], [MainAccount], [Division], [Name], [OpeningBalance], [Debit], [Credit], [ClosingBalance]) VALUES (455, 2, 601, 62500, 301, N'Water fund-Unemployment compensation-Public works administration', CAST(841.07 AS Decimal(18, 2)), CAST(0.00 AS Decimal(18, 2)), CAST(0.00 AS Decimal(18, 2)), CAST(841.07 AS Decimal(18, 2)))
INSERT [dbo].[ReportTrialBalance] ([Id], [SubCategoryId], [Fund], [MainAccount], [Division], [Name], [OpeningBalance], [Debit], [Credit], [ClosingBalance]) VALUES (456, 2, 601, 62500, 302, N'Water fund-Unemployment compensation-Public works operations', CAST(769.97 AS Decimal(18, 2)), CAST(64.54 AS Decimal(18, 2)), CAST(0.00 AS Decimal(18, 2)), CAST(834.51 AS Decimal(18, 2)))
INSERT [dbo].[ReportTrialBalance] ([Id], [SubCategoryId], [Fund], [MainAccount], [Division], [Name], [OpeningBalance], [Debit], [Credit], [ClosingBalance]) VALUES (457, 2, 601, 62500, 304, N'Water fund-Unemployment compensation-Customer services', CAST(914.63 AS Decimal(18, 2)), CAST(67.18 AS Decimal(18, 2)), CAST(0.00 AS Decimal(18, 2)), CAST(981.81 AS Decimal(18, 2)))
INSERT [dbo].[ReportTrialBalance] ([Id], [SubCategoryId], [Fund], [MainAccount], [Division], [Name], [OpeningBalance], [Debit], [Credit], [ClosingBalance]) VALUES (458, 2, 601, 62600, 301, N'Water fund-Workers'' compensation-Public works administration', CAST(20.93 AS Decimal(18, 2)), CAST(18.86 AS Decimal(18, 2)), CAST(0.00 AS Decimal(18, 2)), CAST(39.79 AS Decimal(18, 2)))
INSERT [dbo].[ReportTrialBalance] ([Id], [SubCategoryId], [Fund], [MainAccount], [Division], [Name], [OpeningBalance], [Debit], [Credit], [ClosingBalance]) VALUES (459, 2, 601, 62600, 302, N'Water fund-Workers'' compensation-Public works operations', CAST(8.89 AS Decimal(18, 2)), CAST(8.01 AS Decimal(18, 2)), CAST(0.00 AS Decimal(18, 2)), CAST(16.90 AS Decimal(18, 2)))
INSERT [dbo].[ReportTrialBalance] ([Id], [SubCategoryId], [Fund], [MainAccount], [Division], [Name], [OpeningBalance], [Debit], [Credit], [ClosingBalance]) VALUES (460, 2, 601, 62600, 304, N'Water fund-Workers'' compensation-Customer services', CAST(17.01 AS Decimal(18, 2)), CAST(15.32 AS Decimal(18, 2)), CAST(0.00 AS Decimal(18, 2)), CAST(32.33 AS Decimal(18, 2)))
INSERT [dbo].[ReportTrialBalance] ([Id], [SubCategoryId], [Fund], [MainAccount], [Division], [Name], [OpeningBalance], [Debit], [Credit], [ClosingBalance]) VALUES (461, 2, 601, 63400, 301, N'Water fund-Technical-Public works administration', CAST(1704.65 AS Decimal(18, 2)), CAST(155.75 AS Decimal(18, 2)), CAST(0.00 AS Decimal(18, 2)), CAST(1860.40 AS Decimal(18, 2)))
INSERT [dbo].[ReportTrialBalance] ([Id], [SubCategoryId], [Fund], [MainAccount], [Division], [Name], [OpeningBalance], [Debit], [Credit], [ClosingBalance]) VALUES (462, 2, 601, 63400, 302, N'Water fund-Technical-Public works operations', CAST(752.98 AS Decimal(18, 2)), CAST(68.80 AS Decimal(18, 2)), CAST(0.00 AS Decimal(18, 2)), CAST(821.78 AS Decimal(18, 2)))
INSERT [dbo].[ReportTrialBalance] ([Id], [SubCategoryId], [Fund], [MainAccount], [Division], [Name], [OpeningBalance], [Debit], [Credit], [ClosingBalance]) VALUES (463, 2, 601, 63400, 304, N'Water fund-Technical-Customer services', CAST(1495.49 AS Decimal(18, 2)), CAST(136.64 AS Decimal(18, 2)), CAST(0.00 AS Decimal(18, 2)), CAST(1632.13 AS Decimal(18, 2)))
INSERT [dbo].[ReportTrialBalance] ([Id], [SubCategoryId], [Fund], [MainAccount], [Division], [Name], [OpeningBalance], [Debit], [Credit], [ClosingBalance]) VALUES (464, 2, 601, 66100, 301, N'Water fund-General supplies-Public works administration', CAST(7447.89 AS Decimal(18, 2)), CAST(965.37 AS Decimal(18, 2)), CAST(0.00 AS Decimal(18, 2)), CAST(8413.26 AS Decimal(18, 2)))
INSERT [dbo].[ReportTrialBalance] ([Id], [SubCategoryId], [Fund], [MainAccount], [Division], [Name], [OpeningBalance], [Debit], [Credit], [ClosingBalance]) VALUES (465, 2, 601, 66100, 302, N'Water fund-General supplies-Public works operations', CAST(3289.89 AS Decimal(18, 2)), CAST(426.43 AS Decimal(18, 2)), CAST(0.00 AS Decimal(18, 2)), CAST(3716.32 AS Decimal(18, 2)))
INSERT [dbo].[ReportTrialBalance] ([Id], [SubCategoryId], [Fund], [MainAccount], [Division], [Name], [OpeningBalance], [Debit], [Credit], [ClosingBalance]) VALUES (466, 2, 601, 66100, 304, N'Water fund-General supplies-Customer services', CAST(6534.55 AS Decimal(18, 2)), CAST(847.01 AS Decimal(18, 2)), CAST(0.00 AS Decimal(18, 2)), CAST(7381.56 AS Decimal(18, 2)))
INSERT [dbo].[ReportTrialBalance] ([Id], [SubCategoryId], [Fund], [MainAccount], [Division], [Name], [OpeningBalance], [Debit], [Credit], [ClosingBalance]) VALUES (467, 1, 602, 11010, NULL, N'Sewer fund-Pooled Cash-', CAST(-5023.37 AS Decimal(18, 2)), CAST(0.00 AS Decimal(18, 2)), CAST(0.00 AS Decimal(18, 2)), CAST(-5023.37 AS Decimal(18, 2)))
INSERT [dbo].[ReportTrialBalance] ([Id], [SubCategoryId], [Fund], [MainAccount], [Division], [Name], [OpeningBalance], [Debit], [Credit], [ClosingBalance]) VALUES (468, 1, 602, 24240, NULL, N'Sewer fund-Payroll Payables-', CAST(0.00 AS Decimal(18, 2)), CAST(0.00 AS Decimal(18, 2)), CAST(0.00 AS Decimal(18, 2)), CAST(0.00 AS Decimal(18, 2)))
INSERT [dbo].[ReportTrialBalance] ([Id], [SubCategoryId], [Fund], [MainAccount], [Division], [Name], [OpeningBalance], [Debit], [Credit], [ClosingBalance]) VALUES (469, 1, 602, 24710, NULL, N'Sewer fund-Payroll contributions and withholdings-', CAST(0.00 AS Decimal(18, 2)), CAST(0.00 AS Decimal(18, 2)), CAST(0.00 AS Decimal(18, 2)), CAST(0.00 AS Decimal(18, 2)))
INSERT [dbo].[ReportTrialBalance] ([Id], [SubCategoryId], [Fund], [MainAccount], [Division], [Name], [OpeningBalance], [Debit], [Credit], [ClosingBalance]) VALUES (470, 2, 602, 41110, 154, N'Sewer fund-Property taxes - Real property-Treasury and revenue', CAST(-153827.39 AS Decimal(18, 2)), CAST(0.00 AS Decimal(18, 2)), CAST(13051.14 AS Decimal(18, 2)), CAST(-166878.53 AS Decimal(18, 2)))
INSERT [dbo].[ReportTrialBalance] ([Id], [SubCategoryId], [Fund], [MainAccount], [Division], [Name], [OpeningBalance], [Debit], [Credit], [ClosingBalance]) VALUES (471, 2, 602, 61100, 301, N'Sewer fund-Regular full time-Public works administration', CAST(45032.94 AS Decimal(18, 2)), CAST(3307.50 AS Decimal(18, 2)), CAST(0.00 AS Decimal(18, 2)), CAST(48340.44 AS Decimal(18, 2)))
INSERT [dbo].[ReportTrialBalance] ([Id], [SubCategoryId], [Fund], [MainAccount], [Division], [Name], [OpeningBalance], [Debit], [Credit], [ClosingBalance]) VALUES (472, 2, 602, 61100, 302, N'Sewer fund-Regular full time-Public works operations', CAST(30791.56 AS Decimal(18, 2)), CAST(2580.83 AS Decimal(18, 2)), CAST(0.00 AS Decimal(18, 2)), CAST(33372.39 AS Decimal(18, 2)))
INSERT [dbo].[ReportTrialBalance] ([Id], [SubCategoryId], [Fund], [MainAccount], [Division], [Name], [OpeningBalance], [Debit], [Credit], [ClosingBalance]) VALUES (473, 2, 602, 61100, 304, N'Sewer fund-Regular full time-Customer services', CAST(36580.73 AS Decimal(18, 2)), CAST(2686.72 AS Decimal(18, 2)), CAST(0.00 AS Decimal(18, 2)), CAST(39267.45 AS Decimal(18, 2)))
INSERT [dbo].[ReportTrialBalance] ([Id], [SubCategoryId], [Fund], [MainAccount], [Division], [Name], [OpeningBalance], [Debit], [Credit], [ClosingBalance]) VALUES (474, 2, 602, 62100, 301, N'Sewer fund-Group insurance-Public works administration', CAST(2274.31 AS Decimal(18, 2)), CAST(167.04 AS Decimal(18, 2)), CAST(0.00 AS Decimal(18, 2)), CAST(2441.35 AS Decimal(18, 2)))
INSERT [dbo].[ReportTrialBalance] ([Id], [SubCategoryId], [Fund], [MainAccount], [Division], [Name], [OpeningBalance], [Debit], [Credit], [ClosingBalance]) VALUES (475, 2, 602, 62100, 302, N'Sewer fund-Group insurance-Public works operations', CAST(2871.26 AS Decimal(18, 2)), CAST(210.88 AS Decimal(18, 2)), CAST(0.00 AS Decimal(18, 2)), CAST(3082.14 AS Decimal(18, 2)))
INSERT [dbo].[ReportTrialBalance] ([Id], [SubCategoryId], [Fund], [MainAccount], [Division], [Name], [OpeningBalance], [Debit], [Credit], [ClosingBalance]) VALUES (476, 2, 602, 62100, 304, N'Sewer fund-Group insurance-Customer services', CAST(5415.67 AS Decimal(18, 2)), CAST(397.76 AS Decimal(18, 2)), CAST(0.00 AS Decimal(18, 2)), CAST(5813.43 AS Decimal(18, 2)))
INSERT [dbo].[ReportTrialBalance] ([Id], [SubCategoryId], [Fund], [MainAccount], [Division], [Name], [OpeningBalance], [Debit], [Credit], [ClosingBalance]) VALUES (477, 2, 602, 62200, 301, N'Sewer fund-Federal Payroll Taxes-Public works administration', CAST(3404.27 AS Decimal(18, 2)), CAST(250.03 AS Decimal(18, 2)), CAST(0.00 AS Decimal(18, 2)), CAST(3654.30 AS Decimal(18, 2)))
INSERT [dbo].[ReportTrialBalance] ([Id], [SubCategoryId], [Fund], [MainAccount], [Division], [Name], [OpeningBalance], [Debit], [Credit], [ClosingBalance]) VALUES (478, 2, 602, 62200, 302, N'Sewer fund-Federal Payroll Taxes-Public works operations', CAST(2195.24 AS Decimal(18, 2)), CAST(185.67 AS Decimal(18, 2)), CAST(0.00 AS Decimal(18, 2)), CAST(2380.91 AS Decimal(18, 2)))
INSERT [dbo].[ReportTrialBalance] ([Id], [SubCategoryId], [Fund], [MainAccount], [Division], [Name], [OpeningBalance], [Debit], [Credit], [ClosingBalance]) VALUES (479, 2, 602, 62200, 304, N'Sewer fund-Federal Payroll Taxes-Customer services', CAST(2697.05 AS Decimal(18, 2)), CAST(198.09 AS Decimal(18, 2)), CAST(0.00 AS Decimal(18, 2)), CAST(2895.14 AS Decimal(18, 2)))
INSERT [dbo].[ReportTrialBalance] ([Id], [SubCategoryId], [Fund], [MainAccount], [Division], [Name], [OpeningBalance], [Debit], [Credit], [ClosingBalance]) VALUES (480, 2, 602, 62300, 301, N'Sewer fund-Retirement contributions-Public works administration', CAST(1801.26 AS Decimal(18, 2)), CAST(132.30 AS Decimal(18, 2)), CAST(0.00 AS Decimal(18, 2)), CAST(1933.56 AS Decimal(18, 2)))
INSERT [dbo].[ReportTrialBalance] ([Id], [SubCategoryId], [Fund], [MainAccount], [Division], [Name], [OpeningBalance], [Debit], [Credit], [ClosingBalance]) VALUES (481, 2, 602, 62300, 302, N'Sewer fund-Retirement contributions-Public works operations', CAST(525.43 AS Decimal(18, 2)), CAST(52.96 AS Decimal(18, 2)), CAST(0.00 AS Decimal(18, 2)), CAST(578.39 AS Decimal(18, 2)))
INSERT [dbo].[ReportTrialBalance] ([Id], [SubCategoryId], [Fund], [MainAccount], [Division], [Name], [OpeningBalance], [Debit], [Credit], [ClosingBalance]) VALUES (482, 2, 602, 62300, 304, N'Sewer fund-Retirement contributions-Customer services', CAST(1463.26 AS Decimal(18, 2)), CAST(107.47 AS Decimal(18, 2)), CAST(0.00 AS Decimal(18, 2)), CAST(1570.73 AS Decimal(18, 2)))
INSERT [dbo].[ReportTrialBalance] ([Id], [SubCategoryId], [Fund], [MainAccount], [Division], [Name], [OpeningBalance], [Debit], [Credit], [ClosingBalance]) VALUES (483, 2, 602, 62500, 301, N'Sewer fund-Unemployment compensation-Public works administration', CAST(841.07 AS Decimal(18, 2)), CAST(0.00 AS Decimal(18, 2)), CAST(0.00 AS Decimal(18, 2)), CAST(841.07 AS Decimal(18, 2)))
INSERT [dbo].[ReportTrialBalance] ([Id], [SubCategoryId], [Fund], [MainAccount], [Division], [Name], [OpeningBalance], [Debit], [Credit], [ClosingBalance]) VALUES (484, 2, 602, 62500, 302, N'Sewer fund-Unemployment compensation-Public works operations', CAST(769.80 AS Decimal(18, 2)), CAST(64.52 AS Decimal(18, 2)), CAST(0.00 AS Decimal(18, 2)), CAST(834.32 AS Decimal(18, 2)))
INSERT [dbo].[ReportTrialBalance] ([Id], [SubCategoryId], [Fund], [MainAccount], [Division], [Name], [OpeningBalance], [Debit], [Credit], [ClosingBalance]) VALUES (485, 2, 602, 62500, 304, N'Sewer fund-Unemployment compensation-Customer services', CAST(914.63 AS Decimal(18, 2)), CAST(67.18 AS Decimal(18, 2)), CAST(0.00 AS Decimal(18, 2)), CAST(981.81 AS Decimal(18, 2)))
INSERT [dbo].[ReportTrialBalance] ([Id], [SubCategoryId], [Fund], [MainAccount], [Division], [Name], [OpeningBalance], [Debit], [Credit], [ClosingBalance]) VALUES (486, 2, 602, 62600, 301, N'Sewer fund-Workers'' compensation-Public works administration', CAST(20.93 AS Decimal(18, 2)), CAST(18.86 AS Decimal(18, 2)), CAST(0.00 AS Decimal(18, 2)), CAST(39.79 AS Decimal(18, 2)))
INSERT [dbo].[ReportTrialBalance] ([Id], [SubCategoryId], [Fund], [MainAccount], [Division], [Name], [OpeningBalance], [Debit], [Credit], [ClosingBalance]) VALUES (487, 2, 602, 62600, 302, N'Sewer fund-Workers'' compensation-Public works operations', CAST(8.89 AS Decimal(18, 2)), CAST(8.01 AS Decimal(18, 2)), CAST(0.00 AS Decimal(18, 2)), CAST(16.90 AS Decimal(18, 2)))
INSERT [dbo].[ReportTrialBalance] ([Id], [SubCategoryId], [Fund], [MainAccount], [Division], [Name], [OpeningBalance], [Debit], [Credit], [ClosingBalance]) VALUES (488, 2, 602, 62600, 304, N'Sewer fund-Workers'' compensation-Customer services', CAST(17.01 AS Decimal(18, 2)), CAST(15.32 AS Decimal(18, 2)), CAST(0.00 AS Decimal(18, 2)), CAST(32.33 AS Decimal(18, 2)))
INSERT [dbo].[ReportTrialBalance] ([Id], [SubCategoryId], [Fund], [MainAccount], [Division], [Name], [OpeningBalance], [Debit], [Credit], [ClosingBalance]) VALUES (489, 2, 602, 63400, 301, N'Sewer fund-Technical-Public works administration', CAST(1704.65 AS Decimal(18, 2)), CAST(155.75 AS Decimal(18, 2)), CAST(0.00 AS Decimal(18, 2)), CAST(1860.40 AS Decimal(18, 2)))
INSERT [dbo].[ReportTrialBalance] ([Id], [SubCategoryId], [Fund], [MainAccount], [Division], [Name], [OpeningBalance], [Debit], [Credit], [ClosingBalance]) VALUES (490, 2, 602, 63400, 302, N'Sewer fund-Technical-Public works operations', CAST(752.98 AS Decimal(18, 2)), CAST(68.80 AS Decimal(18, 2)), CAST(0.00 AS Decimal(18, 2)), CAST(821.78 AS Decimal(18, 2)))
INSERT [dbo].[ReportTrialBalance] ([Id], [SubCategoryId], [Fund], [MainAccount], [Division], [Name], [OpeningBalance], [Debit], [Credit], [ClosingBalance]) VALUES (491, 2, 602, 63400, 304, N'Sewer fund-Technical-Customer services', CAST(1495.49 AS Decimal(18, 2)), CAST(136.64 AS Decimal(18, 2)), CAST(0.00 AS Decimal(18, 2)), CAST(1632.13 AS Decimal(18, 2)))
INSERT [dbo].[ReportTrialBalance] ([Id], [SubCategoryId], [Fund], [MainAccount], [Division], [Name], [OpeningBalance], [Debit], [Credit], [ClosingBalance]) VALUES (492, 2, 602, 66100, 301, N'Sewer fund-General supplies-Public works administration', CAST(7447.89 AS Decimal(18, 2)), CAST(965.37 AS Decimal(18, 2)), CAST(0.00 AS Decimal(18, 2)), CAST(8413.26 AS Decimal(18, 2)))
INSERT [dbo].[ReportTrialBalance] ([Id], [SubCategoryId], [Fund], [MainAccount], [Division], [Name], [OpeningBalance], [Debit], [Credit], [ClosingBalance]) VALUES (493, 2, 602, 66100, 302, N'Sewer fund-General supplies-Public works operations', CAST(3289.89 AS Decimal(18, 2)), CAST(426.43 AS Decimal(18, 2)), CAST(0.00 AS Decimal(18, 2)), CAST(3716.32 AS Decimal(18, 2)))
INSERT [dbo].[ReportTrialBalance] ([Id], [SubCategoryId], [Fund], [MainAccount], [Division], [Name], [OpeningBalance], [Debit], [Credit], [ClosingBalance]) VALUES (494, 2, 602, 66100, 304, N'Sewer fund-General supplies-Customer services', CAST(6534.55 AS Decimal(18, 2)), CAST(847.01 AS Decimal(18, 2)), CAST(0.00 AS Decimal(18, 2)), CAST(7381.56 AS Decimal(18, 2)))
INSERT [dbo].[ReportTrialBalance] ([Id], [SubCategoryId], [Fund], [MainAccount], [Division], [Name], [OpeningBalance], [Debit], [Credit], [ClosingBalance]) VALUES (495, 1, 650, 11010, NULL, N'Golf course fund-Pooled Cash-', CAST(-2414.52 AS Decimal(18, 2)), CAST(0.00 AS Decimal(18, 2)), CAST(0.00 AS Decimal(18, 2)), CAST(-2414.52 AS Decimal(18, 2)))
INSERT [dbo].[ReportTrialBalance] ([Id], [SubCategoryId], [Fund], [MainAccount], [Division], [Name], [OpeningBalance], [Debit], [Credit], [ClosingBalance]) VALUES (496, 1, 650, 24240, NULL, N'Golf course fund-Payroll Payables-', CAST(0.00 AS Decimal(18, 2)), CAST(0.00 AS Decimal(18, 2)), CAST(0.00 AS Decimal(18, 2)), CAST(0.00 AS Decimal(18, 2)))
INSERT [dbo].[ReportTrialBalance] ([Id], [SubCategoryId], [Fund], [MainAccount], [Division], [Name], [OpeningBalance], [Debit], [Credit], [ClosingBalance]) VALUES (497, 1, 650, 24710, NULL, N'Golf course fund-Payroll contributions and withholdings-', CAST(0.00 AS Decimal(18, 2)), CAST(0.00 AS Decimal(18, 2)), CAST(0.00 AS Decimal(18, 2)), CAST(0.00 AS Decimal(18, 2)))
INSERT [dbo].[ReportTrialBalance] ([Id], [SubCategoryId], [Fund], [MainAccount], [Division], [Name], [OpeningBalance], [Debit], [Credit], [ClosingBalance]) VALUES (498, 2, 650, 41110, 154, N'Golf course fund-Property taxes - Real property-Treasury and revenue', CAST(-67546.88 AS Decimal(18, 2)), CAST(0.00 AS Decimal(18, 2)), CAST(5652.67 AS Decimal(18, 2)), CAST(-73199.55 AS Decimal(18, 2)))
INSERT [dbo].[ReportTrialBalance] ([Id], [SubCategoryId], [Fund], [MainAccount], [Division], [Name], [OpeningBalance], [Debit], [Credit], [ClosingBalance]) VALUES (499, 2, 650, 61100, 512, N'Golf course fund-Regular full time-Golf course', CAST(48211.97 AS Decimal(18, 2)), CAST(3540.99 AS Decimal(18, 2)), CAST(0.00 AS Decimal(18, 2)), CAST(51752.96 AS Decimal(18, 2)))
INSERT [dbo].[ReportTrialBalance] ([Id], [SubCategoryId], [Fund], [MainAccount], [Division], [Name], [OpeningBalance], [Debit], [Credit], [ClosingBalance]) VALUES (500, 2, 650, 62100, 512, N'Golf course fund-Group insurance-Golf course', CAST(4888.35 AS Decimal(18, 2)), CAST(359.03 AS Decimal(18, 2)), CAST(0.00 AS Decimal(18, 2)), CAST(5247.38 AS Decimal(18, 2)))
INSERT [dbo].[ReportTrialBalance] ([Id], [SubCategoryId], [Fund], [MainAccount], [Division], [Name], [OpeningBalance], [Debit], [Credit], [ClosingBalance]) VALUES (501, 2, 650, 62200, 512, N'Golf course fund-Federal Payroll Taxes-Golf course', CAST(3597.70 AS Decimal(18, 2)), CAST(264.23 AS Decimal(18, 2)), CAST(0.00 AS Decimal(18, 2)), CAST(3861.93 AS Decimal(18, 2)))
INSERT [dbo].[ReportTrialBalance] ([Id], [SubCategoryId], [Fund], [MainAccount], [Division], [Name], [OpeningBalance], [Debit], [Credit], [ClosingBalance]) VALUES (502, 2, 650, 62300, 512, N'Golf course fund-Retirement contributions-Golf course', CAST(1928.37 AS Decimal(18, 2)), CAST(141.63 AS Decimal(18, 2)), CAST(0.00 AS Decimal(18, 2)), CAST(2070.00 AS Decimal(18, 2)))
INSERT [dbo].[ReportTrialBalance] ([Id], [SubCategoryId], [Fund], [MainAccount], [Division], [Name], [OpeningBalance], [Debit], [Credit], [ClosingBalance]) VALUES (503, 2, 650, 62500, 512, N'Golf course fund-Unemployment compensation-Golf course', CAST(1205.31 AS Decimal(18, 2)), CAST(88.52 AS Decimal(18, 2)), CAST(0.00 AS Decimal(18, 2)), CAST(1293.83 AS Decimal(18, 2)))
INSERT [dbo].[ReportTrialBalance] ([Id], [SubCategoryId], [Fund], [MainAccount], [Division], [Name], [OpeningBalance], [Debit], [Credit], [ClosingBalance]) VALUES (504, 2, 650, 62600, 512, N'Golf course fund-Workers'' compensation-Golf course', CAST(22.40 AS Decimal(18, 2)), CAST(20.18 AS Decimal(18, 2)), CAST(0.00 AS Decimal(18, 2)), CAST(42.58 AS Decimal(18, 2)))
INSERT [dbo].[ReportTrialBalance] ([Id], [SubCategoryId], [Fund], [MainAccount], [Division], [Name], [OpeningBalance], [Debit], [Credit], [ClosingBalance]) VALUES (505, 2, 650, 63400, 512, N'Golf course fund-Technical-Golf course', CAST(1882.44 AS Decimal(18, 2)), CAST(171.99 AS Decimal(18, 2)), CAST(0.00 AS Decimal(18, 2)), CAST(2054.43 AS Decimal(18, 2)))
INSERT [dbo].[ReportTrialBalance] ([Id], [SubCategoryId], [Fund], [MainAccount], [Division], [Name], [OpeningBalance], [Debit], [Credit], [ClosingBalance]) VALUES (506, 2, 650, 66100, 512, N'Golf course fund-General supplies-Golf course', CAST(8224.86 AS Decimal(18, 2)), CAST(1066.10 AS Decimal(18, 2)), CAST(0.00 AS Decimal(18, 2)), CAST(9290.96 AS Decimal(18, 2)))
INSERT [dbo].[ReportTrialBalance] ([Id], [SubCategoryId], [Fund], [MainAccount], [Division], [Name], [OpeningBalance], [Debit], [Credit], [ClosingBalance]) VALUES (507, 1, 998, 11010, NULL, N'Payroll Clearing-Pooled Cash-', CAST(133166.84 AS Decimal(18, 2)), CAST(0.00 AS Decimal(18, 2)), CAST(0.00 AS Decimal(18, 2)), CAST(133166.84 AS Decimal(18, 2)))
INSERT [dbo].[ReportTrialBalance] ([Id], [SubCategoryId], [Fund], [MainAccount], [Division], [Name], [OpeningBalance], [Debit], [Credit], [ClosingBalance]) VALUES (508, 1, 998, 24240, NULL, N'Payroll Clearing-Payroll Payables-', CAST(-75236.55 AS Decimal(18, 2)), CAST(0.00 AS Decimal(18, 2)), CAST(0.00 AS Decimal(18, 2)), CAST(-75236.55 AS Decimal(18, 2)))
INSERT [dbo].[ReportTrialBalance] ([Id], [SubCategoryId], [Fund], [MainAccount], [Division], [Name], [OpeningBalance], [Debit], [Credit], [ClosingBalance]) VALUES (509, 1, 998, 24610, NULL, N'Payroll Clearing-Accured salaries (net)-', CAST(0.00 AS Decimal(18, 2)), CAST(0.00 AS Decimal(18, 2)), CAST(0.00 AS Decimal(18, 2)), CAST(0.00 AS Decimal(18, 2)))
INSERT [dbo].[ReportTrialBalance] ([Id], [SubCategoryId], [Fund], [MainAccount], [Division], [Name], [OpeningBalance], [Debit], [Credit], [ClosingBalance]) VALUES (510, 1, 998, 24710, NULL, N'Payroll Clearing-Payroll contributions and withholdings-', CAST(-57930.29 AS Decimal(18, 2)), CAST(0.00 AS Decimal(18, 2)), CAST(0.00 AS Decimal(18, 2)), CAST(-57930.29 AS Decimal(18, 2)))
INSERT [dbo].[ReportTrialBalance] ([Id], [SubCategoryId], [Fund], [MainAccount], [Division], [Name], [OpeningBalance], [Debit], [Credit], [ClosingBalance]) VALUES (511, 1, 999, 11020, NULL, N'Treasurer''s Fund-Treasurer''s Cash - City of Maple Operating Acct-', CAST(2454717.04 AS Decimal(18, 2)), CAST(0.00 AS Decimal(18, 2)), CAST(0.00 AS Decimal(18, 2)), CAST(2454717.04 AS Decimal(18, 2)))
INSERT [dbo].[ReportTrialBalance] ([Id], [SubCategoryId], [Fund], [MainAccount], [Division], [Name], [OpeningBalance], [Debit], [Credit], [ClosingBalance]) VALUES (512, 1, 999, 11110, NULL, N'Treasurer''s Fund-Investments-', CAST(5231255.00 AS Decimal(18, 2)), CAST(0.00 AS Decimal(18, 2)), CAST(0.00 AS Decimal(18, 2)), CAST(5231255.00 AS Decimal(18, 2)))
INSERT [dbo].[ReportTrialBalance] ([Id], [SubCategoryId], [Fund], [MainAccount], [Division], [Name], [OpeningBalance], [Debit], [Credit], [ClosingBalance]) VALUES (513, 1, 999, 37000, NULL, N'Treasurer''s Fund-Fund Equity - All Funds-', CAST(-7685972.04 AS Decimal(18, 2)), CAST(0.00 AS Decimal(18, 2)), CAST(0.00 AS Decimal(18, 2)), CAST(-7685972.04 AS Decimal(18, 2)))
INSERT [dbo].[ReportTrialBalance] ([Id], [SubCategoryId], [Fund], [MainAccount], [Division], [Name], [OpeningBalance], [Debit], [Credit], [ClosingBalance]) VALUES (514, 1, 999, 39999, NULL, N'Treasurer''s Fund-Opening balance offset-', CAST(0.00 AS Decimal(18, 2)), CAST(0.00 AS Decimal(18, 2)), CAST(0.00 AS Decimal(18, 2)), CAST(0.00 AS Decimal(18, 2)))
SET IDENTITY_INSERT [dbo].[ReportTrialBalance] OFF

SET IDENTITY_INSERT [dbo].[CafrTemplateMaster] ON 
INSERT [dbo].[CafrTemplateMaster] ([Id], [TemplateName], [TemplateDescription], [UploadFileName], [UploadFilePath], [UploadedOn], [UploadedByPermissionId]) VALUES (1, N'Alabama - CAFR Template 2017', N'Alabama - CAFR Template 2017', N'd6c573dd-1517-4bd7-bc48-1967bba09040.docx', N'F:\Websites\CAFR365\9b22b5ef-21fb-446f-8618-3506d9780489\Documents\CAFRTemplates', CAST(N'2018-10-14T20:52:56.310' AS DateTime), 1)
INSERT [dbo].[CafrTemplateMaster] ([Id], [TemplateName], [TemplateDescription], [UploadFileName], [UploadFilePath], [UploadedOn], [UploadedByPermissionId]) VALUES (2, N'Alaska - CAFR Template 2017', N'Alaska - CAFR Template 2017', N'e7e46158-2502-4e5d-bc9c-ccacde713d17.docx', N'F:\Websites\CAFR365\9b22b5ef-21fb-446f-8618-3506d9780489\Documents\CAFRTemplates', CAST(N'2018-10-14T21:03:38.367' AS DateTime), 1)
INSERT [dbo].[CafrTemplateMaster] ([Id], [TemplateName], [TemplateDescription], [UploadFileName], [UploadFilePath], [UploadedOn], [UploadedByPermissionId]) VALUES (3, N'Arizona - CAFR Template 2017', N'Arizona - CAFR Template 2017', N'e0359dd1-9062-49cc-aa3f-3f40635846a2.docx', N'F:\Websites\CAFR365\9b22b5ef-21fb-446f-8618-3506d9780489\Documents\CAFRTemplates', CAST(N'2018-10-14T21:04:45.940' AS DateTime), 1)
INSERT [dbo].[CafrTemplateMaster] ([Id], [TemplateName], [TemplateDescription], [UploadFileName], [UploadFilePath], [UploadedOn], [UploadedByPermissionId]) VALUES (4, N'Colorado - CAFR Template 2017', N'Colorado - CAFR Template 2017', N'3c3c4a88-a82a-436d-9957-b4055557b1e9.docx', N'F:\Websites\CAFR365\9b22b5ef-21fb-446f-8618-3506d9780489\Documents\CAFRTemplates', CAST(N'2018-10-14T21:05:05.737' AS DateTime), 1)
INSERT [dbo].[CafrTemplateMaster] ([Id], [TemplateName], [TemplateDescription], [UploadFileName], [UploadFilePath], [UploadedOn], [UploadedByPermissionId]) VALUES (5, N'Connecticut - CAFR Template 2017', N'Connecticut - CAFR Template 2017', N'c472ae49-66d2-4631-973a-a3abc5c14f69.docx', N'F:\Websites\CAFR365\9b22b5ef-21fb-446f-8618-3506d9780489\Documents\CAFRTemplates', CAST(N'2018-10-14T21:05:20.407' AS DateTime), 1)
INSERT [dbo].[CafrTemplateMaster] ([Id], [TemplateName], [TemplateDescription], [UploadFileName], [UploadFilePath], [UploadedOn], [UploadedByPermissionId]) VALUES (6, N'Delaware - CAFR Template 2017', N'Delaware - CAFR Template 2017', N'3748f544-34f4-4404-871a-b3b961727bfe.docx', N'F:\Websites\CAFR365\9b22b5ef-21fb-446f-8618-3506d9780489\Documents\CAFRTemplates', CAST(N'2018-10-14T21:05:36.703' AS DateTime), 1)
INSERT [dbo].[CafrTemplateMaster] ([Id], [TemplateName], [TemplateDescription], [UploadFileName], [UploadFilePath], [UploadedOn], [UploadedByPermissionId]) VALUES (7, N'Florida - CAFR Template 2017', N'Florida - CAFR Template 2017', N'72d4900b-bede-42ed-ba37-fb76b00be96d.docx', N'F:\Websites\CAFR365\9b22b5ef-21fb-446f-8618-3506d9780489\Documents\CAFRTemplates', CAST(N'2018-10-14T21:05:52.470' AS DateTime), 1)
INSERT [dbo].[CafrTemplateMaster] ([Id], [TemplateName], [TemplateDescription], [UploadFileName], [UploadFilePath], [UploadedOn], [UploadedByPermissionId]) VALUES (8, N'Idaho - CAFR Template 2017', N'Idaho - CAFR Template 2017', N'def656d6-df17-4bcf-b579-8c3de0f97c72.docx', N'F:\Websites\CAFR365\9b22b5ef-21fb-446f-8618-3506d9780489\Documents\CAFRTemplates', CAST(N'2018-10-14T21:06:11.037' AS DateTime), 1)
INSERT [dbo].[CafrTemplateMaster] ([Id], [TemplateName], [TemplateDescription], [UploadFileName], [UploadFilePath], [UploadedOn], [UploadedByPermissionId]) VALUES (9, N'Indiana - CAFR Template 2017', N'Indiana - CAFR Template 2017', N'bfa9114b-74f3-45f9-9edc-942de466acd9.docx', N'F:\Websites\CAFR365\9b22b5ef-21fb-446f-8618-3506d9780489\Documents\CAFRTemplates', CAST(N'2018-10-14T21:07:09.483' AS DateTime), 1)
INSERT [dbo].[CafrTemplateMaster] ([Id], [TemplateName], [TemplateDescription], [UploadFileName], [UploadFilePath], [UploadedOn], [UploadedByPermissionId]) VALUES (10, N'Kentucky - CAFR Template 2017', N'Kentucky - CAFR Template 2017', N'348bc228-081c-43cd-8b80-d08a4ce64bdb.docx', N'F:\Websites\CAFR365\9b22b5ef-21fb-446f-8618-3506d9780489\Documents\CAFRTemplates', CAST(N'2018-10-14T21:07:41.123' AS DateTime), 1)
INSERT [dbo].[CafrTemplateMaster] ([Id], [TemplateName], [TemplateDescription], [UploadFileName], [UploadFilePath], [UploadedOn], [UploadedByPermissionId]) VALUES (11, N'Louisiana - CAFR Template 2017', N'Louisiana - CAFR Template 2017', N'bb6748f7-2612-4421-81bb-03470298ab9a.docx', N'F:\Websites\CAFR365\9b22b5ef-21fb-446f-8618-3506d9780489\Documents\CAFRTemplates', CAST(N'2018-10-14T21:08:01.437' AS DateTime), 1)
INSERT [dbo].[CafrTemplateMaster] ([Id], [TemplateName], [TemplateDescription], [UploadFileName], [UploadFilePath], [UploadedOn], [UploadedByPermissionId]) VALUES (12, N'Maine - CAFR Template 2017', N'Maine - CAFR Template 2017', N'9eaedac5-6d3b-4dbc-8e54-d33a78f22fe6.docx', N'F:\Websites\CAFR365\9b22b5ef-21fb-446f-8618-3506d9780489\Documents\CAFRTemplates', CAST(N'2018-10-14T21:08:15.030' AS DateTime), 1)
INSERT [dbo].[CafrTemplateMaster] ([Id], [TemplateName], [TemplateDescription], [UploadFileName], [UploadFilePath], [UploadedOn], [UploadedByPermissionId]) VALUES (13, N'Maryland - CAFR Template 2017', N'Maryland - CAFR Template 2017', N'cab5adb9-6c4b-42dc-9469-719873508439.docx', N'F:\Websites\CAFR365\9b22b5ef-21fb-446f-8618-3506d9780489\Documents\CAFRTemplates', CAST(N'2018-10-14T21:08:34.547' AS DateTime), 1)
INSERT [dbo].[CafrTemplateMaster] ([Id], [TemplateName], [TemplateDescription], [UploadFileName], [UploadFilePath], [UploadedOn], [UploadedByPermissionId]) VALUES (14, N'Michigan - CAFRTemplate 2017', N'Michigan - CAFRTemplate 2017', N'72fd8913-0e9e-4880-929a-55662b51443d.docx', N'F:\Websites\CAFR365\9b22b5ef-21fb-446f-8618-3506d9780489\Documents\CAFRTemplates', CAST(N'2018-10-14T21:08:55.827' AS DateTime), 1)
INSERT [dbo].[CafrTemplateMaster] ([Id], [TemplateName], [TemplateDescription], [UploadFileName], [UploadFilePath], [UploadedOn], [UploadedByPermissionId]) VALUES (15, N'Minnesota - CAFR Template 2017', N'Minnesota - CAFR Template 2017', N'08491160-c20e-4548-a8a4-dea961eafb9d.docx', N'F:\Websites\CAFR365\9b22b5ef-21fb-446f-8618-3506d9780489\Documents\CAFRTemplates', CAST(N'2018-10-14T21:09:14.347' AS DateTime), 1)
INSERT [dbo].[CafrTemplateMaster] ([Id], [TemplateName], [TemplateDescription], [UploadFileName], [UploadFilePath], [UploadedOn], [UploadedByPermissionId]) VALUES (16, N'Mississippi - CAFR Template 2017', N'Mississippi - CAFR Template 2017', N'44b9c091-cab4-4982-ad0a-4d7479d9708c.docx', N'F:\Websites\CAFR365\9b22b5ef-21fb-446f-8618-3506d9780489\Documents\CAFRTemplates', CAST(N'2018-10-14T21:09:59.203' AS DateTime), 1)
INSERT [dbo].[CafrTemplateMaster] ([Id], [TemplateName], [TemplateDescription], [UploadFileName], [UploadFilePath], [UploadedOn], [UploadedByPermissionId]) VALUES (17, N'Missouri - CAFR Template 2017', N'Missouri - CAFR Template 2017', N'87d32bf4-1958-4929-ba24-fdcfb148814e.docx', N'F:\Websites\CAFR365\9b22b5ef-21fb-446f-8618-3506d9780489\Documents\CAFRTemplates', CAST(N'2018-10-14T21:10:13.080' AS DateTime), 1)
INSERT [dbo].[CafrTemplateMaster] ([Id], [TemplateName], [TemplateDescription], [UploadFileName], [UploadFilePath], [UploadedOn], [UploadedByPermissionId]) VALUES (18, N'Nevada - CAFR Template 2017', N'Nevada - CAFR Template 2017', N'3d290f9e-7a7e-40c5-9f04-3262aa05cd0f.docx', N'F:\Websites\CAFR365\9b22b5ef-21fb-446f-8618-3506d9780489\Documents\CAFRTemplates', CAST(N'2018-10-14T21:10:44.037' AS DateTime), 1)
INSERT [dbo].[CafrTemplateMaster] ([Id], [TemplateName], [TemplateDescription], [UploadFileName], [UploadFilePath], [UploadedOn], [UploadedByPermissionId]) VALUES (19, N'New Hampshire - CAFR Template 2017', N'New Hampshire - CAFR Template 2017', N'59853412-fdf4-4b26-ae72-407dd3d2d895.docx', N'F:\Websites\CAFR365\9b22b5ef-21fb-446f-8618-3506d9780489\Documents\CAFRTemplates', CAST(N'2018-10-14T21:11:01.420' AS DateTime), 1)
INSERT [dbo].[CafrTemplateMaster] ([Id], [TemplateName], [TemplateDescription], [UploadFileName], [UploadFilePath], [UploadedOn], [UploadedByPermissionId]) VALUES (20, N'New Mexico - CAFR Template 2017', N'New Mexico - CAFR Template 2017', N'ba30e6bc-1745-4c72-ab5a-3375cd2ec751.docx', N'F:\Websites\CAFR365\9b22b5ef-21fb-446f-8618-3506d9780489\Documents\CAFRTemplates', CAST(N'2018-10-14T21:11:31.797' AS DateTime), 1)
INSERT [dbo].[CafrTemplateMaster] ([Id], [TemplateName], [TemplateDescription], [UploadFileName], [UploadFilePath], [UploadedOn], [UploadedByPermissionId]) VALUES (21, N'North Carolina - CAFR Template 2017', N'North Carolina - CAFR Template 2017', N'788ae641-0da1-442b-ace2-c807d10ec358.docx', N'F:\Websites\CAFR365\9b22b5ef-21fb-446f-8618-3506d9780489\Documents\CAFRTemplates', CAST(N'2018-10-14T21:12:11.490' AS DateTime), 1)
INSERT [dbo].[CafrTemplateMaster] ([Id], [TemplateName], [TemplateDescription], [UploadFileName], [UploadFilePath], [UploadedOn], [UploadedByPermissionId]) VALUES (22, N'North Dakota - CAFR Template 2017', N'North Dakota - CAFR Template 2017', N'ec662a61-104b-47ce-856d-b05348bca06c.docx', N'F:\Websites\CAFR365\9b22b5ef-21fb-446f-8618-3506d9780489\Documents\CAFRTemplates', CAST(N'2018-10-14T21:12:50.360' AS DateTime), 1)
INSERT [dbo].[CafrTemplateMaster] ([Id], [TemplateName], [TemplateDescription], [UploadFileName], [UploadFilePath], [UploadedOn], [UploadedByPermissionId]) VALUES (23, N'Oklahoma - CAFR Template 2017', N'Oklahoma - CAFR Template 2017', N'2f7ec4c5-a48e-46ca-a1f2-8bc5ca35468c.docx', N'F:\Websites\CAFR365\9b22b5ef-21fb-446f-8618-3506d9780489\Documents\CAFRTemplates', CAST(N'2018-10-14T21:13:35.000' AS DateTime), 1)
INSERT [dbo].[CafrTemplateMaster] ([Id], [TemplateName], [TemplateDescription], [UploadFileName], [UploadFilePath], [UploadedOn], [UploadedByPermissionId]) VALUES (24, N'Oregon - CAFR Template 2017', N'Oregon - CAFR Template 2017', N'2af86584-df90-43f9-a7a4-bf401956a348.docx', N'F:\Websites\CAFR365\9b22b5ef-21fb-446f-8618-3506d9780489\Documents\CAFRTemplates', CAST(N'2018-10-14T21:13:55.563' AS DateTime), 1)
INSERT [dbo].[CafrTemplateMaster] ([Id], [TemplateName], [TemplateDescription], [UploadFileName], [UploadFilePath], [UploadedOn], [UploadedByPermissionId]) VALUES (25, N'Pennsylvania - CAFR Template 2017', N'Pennsylvania - CAFR Template 2017', N'6900ad24-dc78-4657-b232-a6c64b9bb5c8.docx', N'F:\Websites\CAFR365\9b22b5ef-21fb-446f-8618-3506d9780489\Documents\CAFRTemplates', CAST(N'2018-10-14T21:14:51.070' AS DateTime), 1)
INSERT [dbo].[CafrTemplateMaster] ([Id], [TemplateName], [TemplateDescription], [UploadFileName], [UploadFilePath], [UploadedOn], [UploadedByPermissionId]) VALUES (26, N'Rhode Island - CAFR Template 2017', N'Rhode Island - CAFR Template 2017', N'b7c6e519-f4eb-4f57-9b42-441f4667f3cc.docx', N'F:\Websites\CAFR365\9b22b5ef-21fb-446f-8618-3506d9780489\Documents\CAFRTemplates', CAST(N'2018-10-14T21:15:15.157' AS DateTime), 1)
INSERT [dbo].[CafrTemplateMaster] ([Id], [TemplateName], [TemplateDescription], [UploadFileName], [UploadFilePath], [UploadedOn], [UploadedByPermissionId]) VALUES (27, N'South Dakota - CAFR Template 2017', N'South Dakota - CAFR Template 2017', N'd9cbaaab-c955-4d66-84a0-1383bbc19e70.docx', N'F:\Websites\CAFR365\9b22b5ef-21fb-446f-8618-3506d9780489\Documents\CAFRTemplates', CAST(N'2018-10-14T21:15:35.983' AS DateTime), 1)
INSERT [dbo].[CafrTemplateMaster] ([Id], [TemplateName], [TemplateDescription], [UploadFileName], [UploadFilePath], [UploadedOn], [UploadedByPermissionId]) VALUES (28, N'Texas - CAFR Template 2017', N'Texas - CAFR Template 2017', N'092327aa-e7b4-444f-b81c-ac84b8995cbb.docx', N'F:\Websites\CAFR365\9b22b5ef-21fb-446f-8618-3506d9780489\Documents\CAFRTemplates', CAST(N'2018-10-14T21:16:00.767' AS DateTime), 1)
INSERT [dbo].[CafrTemplateMaster] ([Id], [TemplateName], [TemplateDescription], [UploadFileName], [UploadFilePath], [UploadedOn], [UploadedByPermissionId]) VALUES (29, N'Utah - CAFR Template 2017', N'Utah - CAFR Template 2017', N'd559aaab-2216-434b-97b8-3fc3c46be4dd.docx', N'F:\Websites\CAFR365\9b22b5ef-21fb-446f-8618-3506d9780489\Documents\CAFRTemplates', CAST(N'2018-10-14T21:16:31.490' AS DateTime), 1)
INSERT [dbo].[CafrTemplateMaster] ([Id], [TemplateName], [TemplateDescription], [UploadFileName], [UploadFilePath], [UploadedOn], [UploadedByPermissionId]) VALUES (30, N'Vermont - CAFR Template 2017', N'Vermont - CAFR Template 2017', N'440a6a2c-e5e7-4351-89eb-b27d02abd09a.docx', N'F:\Websites\CAFR365\9b22b5ef-21fb-446f-8618-3506d9780489\Documents\CAFRTemplates', CAST(N'2018-10-14T21:16:55.827' AS DateTime), 1)
INSERT [dbo].[CafrTemplateMaster] ([Id], [TemplateName], [TemplateDescription], [UploadFileName], [UploadFilePath], [UploadedOn], [UploadedByPermissionId]) VALUES (31, N'Virginia - CAFR Template 2017', N'Virginia - CAFR Template 2017', N'2cc68081-feb0-4b3e-84c4-84dc8b2b83a3.docx', N'F:\Websites\CAFR365\9b22b5ef-21fb-446f-8618-3506d9780489\Documents\CAFRTemplates', CAST(N'2018-10-14T21:17:12.367' AS DateTime), 1)
INSERT [dbo].[CafrTemplateMaster] ([Id], [TemplateName], [TemplateDescription], [UploadFileName], [UploadFilePath], [UploadedOn], [UploadedByPermissionId]) VALUES (32, N'Washington - CAFR Template 2017', N'Washington - CAFR Template 2017', N'4c0d5081-d11d-42ea-adb8-d98b4b84649b.docx', N'F:\Websites\CAFR365\9b22b5ef-21fb-446f-8618-3506d9780489\Documents\CAFRTemplates', CAST(N'2018-10-14T21:17:56.627' AS DateTime), 1)
INSERT [dbo].[CafrTemplateMaster] ([Id], [TemplateName], [TemplateDescription], [UploadFileName], [UploadFilePath], [UploadedOn], [UploadedByPermissionId]) VALUES (33, N'West Virginia - CAFR Template 2017', N'West Virginia - CAFR Template 2017', N'f60529fd-754c-4659-b707-3f536e545029.docx', N'F:\Websites\CAFR365\9b22b5ef-21fb-446f-8618-3506d9780489\Documents\CAFRTemplates', CAST(N'2018-10-14T21:18:30.020' AS DateTime), 1)
INSERT [dbo].[CafrTemplateMaster] ([Id], [TemplateName], [TemplateDescription], [UploadFileName], [UploadFilePath], [UploadedOn], [UploadedByPermissionId]) VALUES (34, N'Wisconsin - CAFR Template 2017', N'Wisconsin - CAFR Template 2017', N'039de058-14e6-4eec-95b3-abf29ef63a4b.docx', N'F:\Websites\CAFR365\9b22b5ef-21fb-446f-8618-3506d9780489\Documents\CAFRTemplates', CAST(N'2018-10-14T21:18:53.563' AS DateTime), 1)
INSERT [dbo].[CafrTemplateMaster] ([Id], [TemplateName], [TemplateDescription], [UploadFileName], [UploadFilePath], [UploadedOn], [UploadedByPermissionId]) VALUES (35, N'Wyoming - CAFR Template 2017', N'Wyoming - CAFR Template 2017', N'd4818a44-21f6-430f-8baf-c273583b346f.docx', N'F:\Websites\CAFR365\9b22b5ef-21fb-446f-8618-3506d9780489\Documents\CAFRTemplates', CAST(N'2018-10-14T21:19:10.017' AS DateTime), 1)
SET IDENTITY_INSERT [dbo].[CafrTemplateMaster] OFF
